case_id,level,strongest_declared_native,native_q10000_ms,B_RETAINED_s100001_q10000_ms,B_RETAINED_s100001_speedup,B_RETAINED_s100002_q10000_ms,B_RETAINED_s100002_speedup,C_ORACLE_PADDED_q10000_ms,C_ORACLE_PADDED_speedup,D_ORACLE_SPARSE_q10000_ms,D_ORACLE_SPARSE_speedup,E_ORACLE_SPARSE_DUAL_q10000_ms,E_ORACLE_SPARSE_DUAL_speedup
m106_bp_k16_r0,16,A_NATIVE,12.218253869999687,17.349953869999688,0.7042239974554991,18.00025386999969,0.6787823081964065,16.68445386999969,0.7323136834565095,3.4748538699996883,3.516192141340546,3.5281538699996884,3.463072847783922
m106_bp_k16_r1,16,A_NATIVE,11.878453869999689,17.168953869999687,0.6918565895127485,17.301553869999687,0.6865541649756979,16.32745386999969,0.7275141589482815,3.5033538699996885,3.3905949301092857,3.3820538699996883,3.512201261892018
m106_bp_k16_r2,16,A_NATIVE,11.696353869999689,17.151553869999688,0.6819413540401223,17.257053869999687,0.6777723450428043,17.082953869999688,0.6846798252227501,22.949153869999687,0.5096638392969147,3.4039538699996883,3.436108219057845
m106_bp_k16_r3,16,A_NATIVE,12.528253869999688,17.217553869999687,0.7276442382346334,16.97765386999969,0.7379260977948019,16.84615386999969,0.7436863017326767,23.099753869999688,0.5423544311556708,3.683153869999688,3.4015016239331723
m106_bp_k32_r0,32,A_NATIVE,49.52765386999969,72.10555386999968,0.6868771018567298,71.95545386999969,0.6883099363042056,66.02945386999968,0.750084257360524,218.2378538699997,0.22694346096118784,9.625253869999687,5.14559455147143
m106_bp_k32_r1,32,A_NATIVE,53.37635386999969,68.13775386999968,0.783359456958864,69.08505386999968,0.7726179669837164,67.40125386999968,0.7919193012781254,261.4837538699997,0.20412875782920145,9.869553869999688,5.408183041813761
m106_bp_k32_r2,32,A_NATIVE,51.21335386999969,71.86555386999969,0.7126272756853925,73.88285386999968,0.6931696758778698,66.57375386999968,0.7692724368525975,201.7255538699997,0.2538763824785615,9.870453869999688,5.188551057987095
m106_bp_k32_r3,32,A_NATIVE,51.02195386999969,72.80635386999968,0.700789850857009,72.35465386999968,0.7051647840327083,68.69895386999968,0.742688949333195,279.4100538699997,0.1826060056297707,10.407853869999688,4.902255018882315
m106_bp_k64_r0,64,A_NATIVE,278.7816538699997,413.2034538699997,0.6746837454018687,410.55025386999966,0.6790439203047616,360.08195386999967,0.7742172326987766,2337.24845387,0.11927771453154452,39.89395386999969,6.9880677853704505
m106_bp_k64_r1,64,A_NATIVE,251.30985386999967,376.5275538699997,0.6674408055585945,377.6751538699997,0.6654127265054443,321.54615386999967,0.7815669720982066,2058.61305387,0.12207726624367832,38.859553869999694,6.467131730609383
m106_bp_k64_r2,64,A_NATIVE,297.2502538699997,401.8595538699997,0.7396869155091912,408.3776538699997,0.7278808011484008,361.92345386999966,0.8213069661320427,2134.0513538699997,0.13928917564750756,39.37405386999969,7.549394198814866
m106_bp_k64_r3,64,A_NATIVE,265.24365386999966,385.8400538699997,0.6874445802336728,394.7136538699997,0.6719900648720872,345.66345386999967,0.7673465357716265,2492.8647538699997,0.10640114087947503,38.994853869999694,6.802016870078907
m106_bp_k8_r0,8,A_NATIVE,4.699753869999689,7.500153869999689,0.6266209935770135,7.191953869999689,0.6534738618950419,6.8415538699996885,0.6869424635546869,2.1806538699996887,2.155203966414147,2.0446538699996886,2.2985571978500228
m106_bp_k8_r1,8,A_NATIVE,4.377153869999689,5.172853869999689,0.8461777540991994,7.552053869999689,0.5795978081390287,7.359053869999689,0.5947984547094876,2.2878538699996884,1.9132139195587194,1.9344538699996887,2.2627336520567396
m106_bp_k8_r2,8,A_NATIVE,4.5534538699996885,7.861453869999689,0.5792126933894822,4.568753869999689,0.996651165627357,6.884053869999689,0.6614494825270585,1.8677538699996887,2.4379303628483164,2.2072538699996884,2.0629497729684947
m106_bp_k8_r3,8,A_NATIVE,4.515853869999689,7.071153869999689,0.6386304064402841,7.2165538699996885,0.6257632037879992,7.281753869999688,0.620160190885425,7.7127538699996885,0.5855047297133406,1.8361538699996887,2.459409281423923
