case_id,designation,source_array_sha256,rows,columns,positive_support_size,support_matrix_numerical_rank,active_equality_dual_nullity,positive_support_fraction,dual_tight_column_count,zero_primal_dual_tight_columns,dual_tight_columns_numerical_rank,tightness_diagnostic_tolerance,support_rank_tolerance,support_min_singular_value,support_max_singular_value,min_positive_primal,active_stationarity_max_error,inactive_min_reduced_slack,inactive_max_reduced_slack,original_certificate_accepted
train0,v088_opened_training,defab1893cf94466c73302f7594949dd7a50c4e4e354329dabc2e35c4d7afccd,32,512,32,32,0,0.0625,32,0,32,9.977830822337715e-08,7.105427357601007e-15,0.9999999999999998,1.0000000000000007,0.5032742478488865,1.3322676295501878e-15,0.2507382348423366,2.592534703709264,True
train1,v088_opened_training,4b14249f70e5e34a228e81e7e714af1ff954654810f8b56a5585cb9612f283f4,64,1024,64,64,0,0.0625,64,0,64,1.1660363655988434e-07,1.421085471520201e-14,0.9999999999999994,1.0000000000000004,0.5009705456614714,5.329070518200751e-15,0.23626802673994685,2.4388052013460895,True
train2,v088_opened_training,55deab3d8bde882fce927c3f2a9929a81b4817fe65b9635f7623b7d5d3756d30,32,512,32,32,0,0.0625,32,0,32,9.8219527798475e-08,2.2159478928301066e-14,0.003811843516359371,3.1186694076319075,0.06721414961065313,1.609823385706477e-15,0.19341383420492278,2.797238393379111,True
train3,v088_opened_training,3354817886378a83ab10198f8903ba5fe7bf3954fdd8d4f4f839e8ff67fac472,64,1024,64,64,0,0.0625,64,0,64,1.0555473248555621e-07,4.9282024599730854e-14,0.003353315407136192,3.4679141816158046,0.11751700425835815,1.4432899320127035e-15,0.2345900094237764,2.401201348328367,True
train4,v088_opened_training,c236ce9001319ed553d20a873ba8754ca678935f5ad7abbd5ed58a89cc233393,32,512,32,32,0,0.0625,32,0,32,1.0819854299626427e-07,7.105427357601005e-15,0.9999999999999996,1.0000000000000004,0.5283569376524716,1.7763568394002505e-15,0.199591719273843,2.945576076987871,True
train5,v088_opened_training,755f9576079769dcb0f68d80808550d984a8bef870c6f3592de23af4f179c899,64,1024,64,64,0,0.0625,64,0,64,1.1824381771793517e-07,1.421085471520201e-14,0.9999999999999996,1.0000000000000004,0.5174239936127427,2.886579864025407e-15,0.21214455448157163,2.5868908611704335,True
train6,v088_opened_training,796604e7503647bc0441e582f2a1e7eb69c4adc75c67f4160e85ae8e809f91ae,32,512,32,32,0,0.0625,32,0,32,1.1140475487209825e-07,2.1903245940880264e-14,0.003689429236727142,3.0826078205485214,0.14070761238450794,8.881784197001252e-16,0.2545625648903988,3.51436482368322,True
train7,v088_opened_training,5bbd2b971aa2e9bfdadb5d0c630b3e29962b407ee75a642db5f114b538336f76,64,1024,64,64,0,0.0625,64,0,64,1.1285386226493367e-07,4.861418995063238e-14,0.0035870808924103347,3.420919496040414,0.09405948370634153,7.216449660063518e-16,0.22911221212156005,2.403042113826712,True
train8,v088_opened_training,9b37788699ff68e2a350c80460022e83303287048ba68e332ec30b4d51d50ff2,32,512,32,32,0,0.0625,32,0,32,1.0804328981941353e-07,7.105427357601005e-15,0.9999999999999996,1.0000000000000004,0.5325524303495333,1.4432899320127035e-15,0.2372832319100453,2.677397682968703,True
train9,v088_opened_training,0e38dbec85ec766a16f3c6763feb8af2c7e700c115314eb97f3790ceff9b7bee,64,1024,64,64,0,0.0625,64,0,64,1.0017033957793666e-07,1.4210854715202013e-14,0.9999999999999997,1.0000000000000007,0.5055826150120346,2.248201624865942e-15,0.22824015884043908,2.4094076271173086,True
train10,v088_opened_training,b501b8303d6cd3d7d7b2458aa29a5c8312d297c777cbee1285cca5170c474626,32,512,32,32,0,0.0625,32,0,32,9.484925976947643e-08,2.292973541888731e-14,0.0035962972787790047,3.2270733715064046,0.08858841899255382,1.942890293094024e-15,0.22590314669448258,2.6774829011261265,True
train11,v088_opened_training,24f214baa19ddbcf35603d11fc2445588cfd2d73e3fa5f11f3310da148a0dc0a,64,1024,64,64,0,0.0625,64,0,64,1.1399254382214565e-07,4.686081643971679e-14,0.003401749327382716,3.2975368040029025,0.0893307372471124,1.1518563880486e-15,0.21424301036001037,2.435094180141315,True
train12,v088_opened_training,c11c9705992ce500bb53c36ceb7d39900a4213743c7989433d3ce64ce60dd332,32,512,32,32,0,0.0625,32,0,32,9.151718865217497e-08,7.105427357601003e-15,0.9999999999999996,1.0000000000000002,0.511033047736721,3.4416913763379853e-15,0.23413847440233992,2.62997904593661,True
train13,v088_opened_training,e2e8e0845df0db94d0839e8f73731e9efa3fb4ac2333c6f1ba0b9606d929a056,64,1024,64,64,0,0.0625,64,0,64,1.1497416333514685e-07,1.421085471520201e-14,0.9999999999999996,1.0000000000000004,0.5052646290023708,3.219646771412954e-15,0.2325233169136759,2.4181575934177224,True
train14,v088_opened_training,525748278e7ab80933b7ae974641731c96174fe9981af5120e858b636fb3b6ee,32,512,32,32,0,0.0625,32,0,32,1.0246663378911787e-07,2.2083566313619476e-14,0.0035777411830951534,3.1079856569071347,0.13367159199370937,8.881784197001252e-16,0.2276974411545481,2.7650238653227297,True
train15,v088_opened_training,02791c7301e6c727ed6529b80066049054a506a35072017d02497a2943242d3c,64,1024,64,64,0,0.0625,64,0,64,1.0282228682670062e-07,4.9922844263814584e-14,0.003590618698178481,3.513007856621729,0.12430648406430195,1.3322676295501878e-15,0.2255550702511411,2.393864531611486,True
train16,v088_opened_training,41aca69072a58657e2418202318125e40899e28936b4794c1a4c65c65577b784,32,512,32,32,0,0.0625,32,0,32,8.843299927555655e-08,7.105427357601007e-15,0.9999999999999997,1.0000000000000007,0.5150432111408463,1.1102230246251565e-15,0.23100091820818974,2.7880396707180424,True
train17,v088_opened_training,d9fa0eed6e7c3ec0df6b4eabf74d66590d8c1a55fe7a6d3a98a625c5d2455461,64,1024,64,64,0,0.0625,64,0,64,1.0035825247161678e-07,1.421085471520201e-14,0.9999999999999997,1.0000000000000004,0.5033047774428164,4.551914400963142e-15,0.21305955789107578,2.5080209471250474,True
train18,v088_opened_training,47e82d30b20b6651d6645f1d84dd0b5ba8d75d829b7cd49da0d812822a47320b,32,512,32,32,0,0.0625,32,0,32,9.058799449493984e-08,2.3118172529372035e-14,0.0033500154405680174,3.2535935371489604,0.1157404785291668,5.551115123125783e-16,0.22152056118814833,2.324061285143396,True
train19,v088_opened_training,580b74ffb95b535034d4d5cd4eb97d595f520704d4b946e557d0440f1b70c94f,64,1024,64,64,0,0.0625,64,0,64,1.3066727884107284e-07,4.692892889877065e-14,0.003435681111967557,3.302329792209375,0.11631222336525077,2.220446049250313e-15,0.2249016681748628,2.405217253083729,True
train20,v088_opened_training,2ed64aeb9e54e62d7b0ef68a8a7598fac8cc176173981e4ef0f16712752bf774,32,512,32,32,0,0.0625,32,0,32,1.008576917125809e-07,7.105427357601007e-15,0.9999999999999996,1.0000000000000007,0.5024316160272758,1.9984014443252818e-15,0.21929375743291207,2.587299502285014,True
train21,v088_opened_training,b205a121c01f9d80db044a724eeec346b1c24b375cb59dd63e33be78af93a064,64,1024,64,64,0,0.0625,64,0,64,1.157227016709949e-07,1.4210854715202013e-14,0.9999999999999996,1.0000000000000007,0.5077173560879404,3.1086244689504383e-15,0.2207652629485528,2.5400558716389865,True
train22,v088_opened_training,5cf3d7d40b479bbb403b29b011e8f7600c53e5b8c6939e831ed8bb1768f0fa08,32,512,32,32,0,0.0625,32,0,32,1.1881772407264972e-07,2.0749491022163546e-14,0.003139033614364288,2.920231251110725,0.10179978906298588,6.661338147750939e-16,0.22893842463055342,2.366775858044418,True
train23,v088_opened_training,1e9acf7d26a6204e80157413ba40d6a0e3555f8b9bb6107b85717afeb8a2bf1c,64,1024,64,64,0,0.0625,64,0,64,1.1017113613848616e-07,4.7603833337545e-14,0.003376544559206988,3.3498219700058574,0.1343982038767759,1.2212453270876722e-15,0.2435632195694062,2.7013889513769023,True
train24,v088_opened_training,caa1b9016588cb46b99bec831214ed4913e6c14e9b0dcbe97c1f6270c6e11e58,32,512,32,32,0,0.0625,32,0,32,9.989659211486284e-08,7.105427357601003e-15,0.9999999999999997,1.0000000000000002,0.5998389502950479,2.220446049250313e-15,0.21473867337689456,2.561405947623263,True
train25,v088_opened_training,378d7c82d8b2e400db4d92d511ab7c19348e12f4241a6e55e3f82ed256be76c5,64,1024,64,64,0,0.0625,64,0,64,9.760309528496924e-08,1.4210854715202013e-14,0.9999999999999996,1.0000000000000007,0.5045310245627632,9.797718192317006e-15,0.23465013655110634,2.5044301076491444,True
train26,v088_opened_training,636c443c534babee6a99c3bec555ccd4be35398b0464deefac08ee74cb145551,32,512,32,32,0,0.0625,32,0,32,1.1002729571697099e-07,2.1083577874540385e-14,0.003727084865615045,2.9672497956067785,0.12537945884091692,1.1102230246251565e-15,0.2361551330808603,2.54065553742077,True
train27,v088_opened_training,d68b7973115333df6508309aab14851deef45094b54d2fb11e892b5a152ea0c8,64,1024,64,64,0,0.0625,64,0,64,1.0427089322274512e-07,4.5405110927490994e-14,0.0036626695254048415,3.19510063521507,0.1035854648083359,1.7763568394002505e-15,0.22397015672014936,2.412220415628501,True
train28,v088_opened_training,135835d71404df8f9a16a965263399a3e7dcbb878a1c4c46af3334f0a8247adb,32,512,32,32,0,0.0625,32,0,32,1.0529362450483827e-07,7.105427357601005e-15,0.9999999999999993,1.0000000000000004,0.5392637337764574,2.8033131371785203e-15,0.19693693335898388,2.800350680767571,True
train29,v088_opened_training,15afbefb64adadd97ff1574d940411c9dfccfe37960dee8508c4fd541a65d2ba,64,1024,64,64,0,0.0625,64,0,64,1.0889496252100446e-07,1.4210854715202013e-14,0.9999999999999997,1.0000000000000007,0.5023031532634821,4.3298697960381105e-15,0.23704923324478178,2.475435808819982,True
train30,v088_opened_training,7179367a32b3f7725791ceb56b05af38d3d6a5efba1df26d4745499e90865961,32,512,32,32,0,0.0625,32,0,32,9.525182355960954e-08,2.3373790561215652e-14,0.003561548924928497,3.2895685769289633,0.11302680464478947,6.661338147750939e-16,0.2257417158930628,2.8202249293500388,True
train31,v088_opened_training,18b668cd900152f1ec9d6c57e9948fd34e2c2012c317232e68969d4248350ddd,64,1024,64,64,0,0.0625,64,0,64,1.178574220740691e-07,4.897970618085265e-14,0.0035530532408710644,3.446640414137568,0.11077292137899075,1.2212453270876722e-15,0.22842688463837924,2.603196248413092,True
train32,v088_opened_training,a892273dd0374baf9c767da89a143f39eacb418394c38083f36896929cd0b348,32,512,32,32,0,0.0625,32,0,32,9.959936805712631e-08,7.105427357601005e-15,0.9999999999999998,1.0000000000000004,0.533549747027497,1.7763568394002505e-15,0.22344899349566263,2.569579403120674,True
train33,v088_opened_training,8e1f4f1656662e90576015d418e19de29e10a9b19fa768d329a37d706ebc2a5f,64,1024,64,64,0,0.0625,64,0,64,9.698070326115382e-08,1.421085471520201e-14,0.9999999999999993,1.0000000000000004,0.5237702720398073,2.6645352591003757e-15,0.23086751647615755,2.6380350345501538,True
train34,v088_opened_training,4aa3281d686393522ceb1dbb0d69eee025070ba293da4d0fc2e01e1a9e166474,32,512,32,32,0,0.0625,32,0,32,1.2009962562991065e-07,2.184300699022845e-14,0.003178278624853886,3.0741299419326245,0.1117437984972014,1.3322676295501878e-15,0.250899813818415,2.5491096887521802,True
train35,v088_opened_training,92e34f361366695fcd4060752e90aac4071d705db51cf3350126e5a5d08a0057,64,1024,64,64,0,0.0625,64,0,64,1.1512450458721151e-07,4.859097405115415e-14,0.0034634055929729166,3.419285822349176,0.10503144956523773,8.326672684688674e-16,0.21535876401099807,2.4318333156223173,True
train36,v088_opened_training,06ed7290cda7cef63f417673515d9685992edf96ed8007b7589a92174873fa19,32,512,32,32,0,0.0625,32,0,32,7.615392259693498e-08,7.105427357601005e-15,0.9999999999999996,1.0000000000000004,0.5106050303397269,8.881784197001252e-16,0.2210243932095476,2.945814563092593,True
train37,v088_opened_training,a0b9bac0e44d8f17a9d505e6cb71f9051b5359e10e4e4cb1477c27b4ac4e15ca,64,1024,64,64,0,0.0625,64,0,64,1.0382554829330107e-07,1.4210854715202013e-14,0.9999999999999996,1.0000000000000007,0.5145160352830322,3.885780586188048e-15,0.23583189419567185,2.5908065936938343,True
train38,v088_opened_training,b51764c8c139f9a9aff3c9a338fc718c806e20c73063e2b722c095a19e566c1c,32,512,32,32,0,0.0625,32,0,32,1.0123044954851245e-07,2.1895975531537232e-14,0.0035891936074133155,3.081584601398268,0.06619327172261495,1.6653345369377348e-15,0.21601475613536858,2.614135921574844,True
train39,v088_opened_training,468d26094d719534ba91bd73dd52343e68136240f065e5e62f116546e9536ad6,64,1024,64,64,0,0.0625,64,0,64,1.0035590991290384e-07,4.544574437186784e-14,0.0033174681458217805,3.1979599596674815,0.09657404728768815,1.1102230246251565e-15,0.23648385205218236,2.5622242293116226,True
train40,v088_opened_training,b9defd99efb9a2a350ebd9b54d7b704cd4cf3476d2240b82701f0aeb645381d2,32,512,32,32,0,0.0625,32,0,32,9.119730843394744e-08,7.105427357601005e-15,0.9999999999999997,1.0000000000000004,0.5145415588190704,9.992007221626409e-16,0.22598764541549832,2.853930679682973,True
train41,v088_opened_training,98fb96eadf605d8cf9d742c8796b3096dc35fddb0f10e1f2a53bc1bdda5a8582,64,1024,64,64,0,0.0625,64,0,64,1.3230286301809008e-07,1.4210854715202013e-14,0.9999999999999998,1.0000000000000007,0.506617386800445,4.718447854656915e-15,0.21286866023406814,2.3979515285056046,True
train42,v088_opened_training,5b5f5b3d523e288ff2d9f44fe154c4c92cbba5b3f74fc8a717824045051b898c,32,512,32,32,0,0.0625,32,0,32,9.231870668508481e-08,2.14679081102369e-14,0.0035207890610371487,3.021339467677717,0.09109507114232676,1.3322676295501878e-15,0.1919343904161275,2.6874179538674334,True
train43,v088_opened_training,84d7eb105c921e7ac3b705129b2eb6f1cdd330da11c9b1130712b6c5fcba7cd6,64,1024,64,64,0,0.0625,64,0,64,1.0510336996062257e-07,4.5094639534851983e-14,0.0033535698787848693,3.1732531532119723,0.0690035164966505,1.1102230246251565e-15,0.22677354598241006,2.4289477457263553,True
train44,v088_opened_training,209186792892bfe0f705056460204cb42ec1c7d46c84a13442d961301ddd6b66,32,512,32,32,0,0.0625,32,0,32,8.715362829533785e-08,7.105427357601007e-15,0.9999999999999997,1.0000000000000007,0.5076250344089513,2.0539125955565396e-15,0.20348858744984294,2.489221620665797,True
train45,v088_opened_training,800a0d9bd61527c8c59bc61ec2bf34d9e82754a044e280c8a7528065d0aa96ba,64,1024,64,64,0,0.0625,64,0,64,1.140674522639314e-07,1.4210854715202013e-14,0.9999999999999996,1.0000000000000007,0.5096256391634488,5.10702591327572e-15,0.2306152327584784,2.635547687795169,True
train46,v088_opened_training,d4eafc4545f1b3e0e7cf201283dc59ed697f61319ec56b66d5041d1f45dd5aab,32,512,32,32,0,0.0625,32,0,32,1.042113800403333e-07,2.259830303778545e-14,0.003492058697144238,3.180428410630503,0.08556309851761804,8.881784197001252e-16,0.22116605747080564,2.5873845860303053,True
train47,v088_opened_training,6473b505630077023f84534b1800423e43a02a9defb5a202ed834ebc5daaffad,64,1024,64,64,0,0.0625,64,0,64,1.140865776463849e-07,4.840571825556664e-14,0.0036103816192602353,3.406249604662049,0.11112912327561153,1.6167622796103842e-15,0.21683516853262558,2.416761499116001,True
m106_bp_k8_r0,M106_opened_transfer,b449d9d9fdd4abd8f07bdf2d176ca20e948f56f3eaba4131baed53a4c8c298f0,16,256,2,2,14,0.0078125,9,7,9,3.711592419143046e-08,3.840398788514264e-15,0.9118610324331677,1.080976159556684,0.9675328265634016,2.220446049250313e-16,-2.220446049250313e-16,2.0,True
m106_bp_k8_r1,M106_opened_transfer,8588532e02dc8fa24f3440fdbcce44c1ca77b2e70a5f9de3847eeeccee76147f,16,256,2,2,14,0.0078125,10,8,10,3.814844991748746e-08,3.571184158465347e-15,0.9947738511654255,1.005198977833497,0.1803211848266369,2.220446049250313e-16,-2.220446049250313e-16,2.0,True
m106_bp_k8_r2,M106_opened_transfer,f463d4a059ac75c07935538c8c58ca23f778c2c364bb15b7e53e0f9f9eea27cc,16,256,2,2,14,0.0078125,8,6,8,3.575752098003074e-08,3.826641744554263e-15,0.9164317745341366,1.0771038959284351,0.13594480229915168,1.1102230246251565e-16,-2.220446049250313e-16,2.0,True
m106_bp_k8_r3,M106_opened_transfer,5a121ba1fb8e39f0752c73fe2370169f4f9a8e5edcf1f9409f3a7effc410259c,16,256,2,2,14,0.0078125,14,12,14,3.843671319877332e-08,4.186111799002485e-15,0.782075929418261,1.1782857211324267,0.4564645791622381,8.881784197001252e-16,-8.881784197001252e-16,2.000000000000001,True
m106_bp_k16_r0,M106_opened_transfer,c4c8483bf7ea0cf65c383a2344bf22fa29120d01d4ad976c38f5dcaff39d9c97,32,512,4,4,28,0.0078125,23,19,23,4.04334089704768e-08,8.428675089559362e-15,0.7443662537268985,1.1862305622677038,0.21582225193545254,4.440892098500626e-16,-4.440892098500626e-16,2.0000000000000004,True
m106_bp_k16_r1,M106_opened_transfer,ff8ea2f43ad6a55d11c2f8cffdd738a5a396f68a4464bfaa2e0348e5a9919ba4,32,512,4,4,28,0.0078125,15,11,15,3.8755215168796214e-08,7.621941692303678e-15,0.925369885134182,1.0726929301655779,0.18364883269540677,3.3306690738754696e-16,-4.440892098500626e-16,2.0000000000000004,True
m106_bp_k16_r2,M106_opened_transfer,37514b84bca98d0efaadc0f62060a588b17ac59a58680ccf69b2c521945e963b,32,512,4,4,28,0.0078125,23,19,23,4.163576209198603e-08,7.775510558372476e-15,0.8377950838477196,1.0943058266656762,0.26877611572441773,2.220446049250313e-16,-8.881784197001252e-16,2.000000000000001,True
m106_bp_k16_r3,M106_opened_transfer,a067448f7f27dcdb0bdece336c0e1fce29ae3a2c51ce9a9c9abf3806b31ccf11,32,512,4,4,28,0.0078125,23,19,23,4.079960071293544e-08,8.79992650044409e-15,0.7810087656201256,1.2384795533839923,0.67741595032976,6.661338147750939e-16,-4.440892098500626e-16,2.0000000000000004,True
m106_bp_k32_r0,M106_opened_transfer,4848b3a76b0f28d76b54f812f452d0a3dab24c9ee52e8eb756bc211e1305cc3a,64,1024,8,8,56,0.0078125,47,39,47,5.046385531366252e-08,1.8289514712566244e-14,0.6609947865085176,1.287010181942196,0.2653113628462256,3.552713678800501e-14,-3.9968028886505635e-14,2.00000000000004,True
m106_bp_k32_r1,M106_opened_transfer,59e5c51af497f595d0d94ef4e49eac524017e05075e98b6a5ebcd887c3700f91,64,1024,8,8,56,0.0078125,56,48,56,5.066189888104145e-08,1.7223463657168714e-14,0.7703962509930724,1.2119935079445985,0.06058163037302009,6.17284001691587e-14,-9.747758156208874e-14,2.0000000000000977,True
m106_bp_k32_r2,M106_opened_transfer,c50829e381f79aa360d8b03efa8d25551a00fb02721e69ee35f7bd4ac56adcef,64,1024,8,8,56,0.0078125,55,47,55,5.158669878333681e-08,1.816717778289612e-14,0.754602853852279,1.278401485834758,0.10119596281493347,7.616129948928574e-14,-7.260858581048524e-14,2.0000000000000764,True
m106_bp_k32_r3,M106_opened_transfer,251d2cf2b26d2c53023489cd512a7594d4bb6533102eed10fdf478bbe8d83a7b,64,1024,8,8,56,0.0078125,53,45,53,5.172991434604788e-08,1.6964255306182462e-14,0.7468489462548289,1.1937533418053328,0.29161213629781074,1.3424816813767393e-12,-1.5281109710940655e-12,2.000000000001528,True
m106_bp_k64_r0,M106_opened_transfer,1059613c6ba4de28bbd45e060a1750dfd878cfc8b4215cf4c1558f3d03e26ecd,128,2048,16,16,112,0.0078125,119,103,119,6.745238046870809e-08,3.6419608636200315e-14,0.689081432470818,1.2814010615857112,0.10008892029115786,1.7985612998927536e-14,-2.2426505097428162e-14,2.000000000000022,True
m106_bp_k64_r1,M106_opened_transfer,e1a0be5d250c801a254ed498c839c9daa8da4616e3bd648497fd7fca8dd9869b,128,2048,16,16,112,0.0078125,95,79,95,5.804071895609636e-08,3.7070889485013284e-14,0.7325549680093174,1.304315969304677,0.09992854435098368,1.0882406087375784e-12,-4.086730953645201e-12,2.0000000000040865,True
m106_bp_k64_r2,M106_opened_transfer,3b2d7a5446ac15ddc7c4e8fde21c376648195234a08ced1d00c5df5b6bf33086,128,2048,16,16,112,0.0078125,115,99,115,6.471818531023046e-08,3.678962252162738e-14,0.6996038595148834,1.2944197678086116,0.031871628243778406,6.794564910705958e-14,-8.619771563189715e-13,2.000000000000862,True
m106_bp_k64_r3,M106_opened_transfer,cea72feb81cc94fc8b15aaf95c08dc3dcd0650e89378beadc958dbf0ad91e207,128,2048,16,16,112,0.0078125,112,96,112,6.389514612670549e-08,3.660592304595291e-14,0.7212898193846724,1.2879564171039577,0.023991571904448245,1.9049561927886316e-10,-2.792861497624699e-10,2.000000000279286,True
