case_id,designation,rows,columns,normalized_cost_std,channels_under_1e_8,channel_0_std,channel_1_std,channel_2_std,channel_3_std,channel_4_std,channel_5_std,channel_6_std,channel_7_std,signed_pair_matrix_max_error,signed_pair_even_channels_max_error,signed_pair_odd_channels_max_error
train0,v088_opened_training,32,512,1.2900819793857072,2,0.7960565497977938,0.35280257191047304,0.01082822789019827,0.18114910711255172,0.07572768474954639,0.03750303277986765,0.0,0.0,,,
train1,v088_opened_training,64,1024,1.1795504435964845,2,0.744368557004218,0.3542957207429307,0.007951905618268139,0.12677313110906038,0.05130813141542402,0.027067268873834524,0.0,0.0,,,
train2,v088_opened_training,32,512,1.143266033322784,2,0.7380793204607724,0.38369107350553505,0.009991746319044132,0.20543330043441088,0.06874547394664106,0.03653600146625095,0.0,0.0,,,
train3,v088_opened_training,64,1024,1.086823509796677,2,0.7238386052629249,0.3692046546186285,0.0071450377471934745,0.14168102765901744,0.049117203314994314,0.026228164503738733,0.0,0.0,,,
train4,v088_opened_training,32,512,1.2620991997168778,2,0.7587171870250659,0.3543282152861791,0.011832361282314387,0.17112877573701593,0.07205510383797536,0.03706348287468568,0.0,0.0,,,
train5,v088_opened_training,64,1024,1.1392062283304398,2,0.7285555099535495,0.3653303889858564,0.008176397764606127,0.12318191043922028,0.04768843560066529,0.026402101722823607,0.0,0.0,,,
train6,v088_opened_training,32,512,1.3866538287103627,2,0.7742455901747066,0.3418330704767358,0.010950389235090072,0.1810386718631759,0.07369027432380329,0.03605032142011268,0.0,0.0,,,
train7,v088_opened_training,64,1024,1.0853170817600941,2,0.7178277407759815,0.36476241394465453,0.006857831895420145,0.14704309634279852,0.04471856036288592,0.02532743531505755,0.0,0.0,,,
train8,v088_opened_training,32,512,1.2375919809269773,2,0.7342647373578491,0.33881779341465323,0.011219963344100262,0.1783344662043663,0.07887348688740509,0.03685104620869849,0.0,0.0,,,
train9,v088_opened_training,64,1024,1.0790957084975767,2,0.7283973028218094,0.37763047470884137,0.007985678100401874,0.12524616088590138,0.04804925802640017,0.02528103130253814,0.0,0.0,,,
train10,v088_opened_training,32,512,1.2206119260170543,2,0.7475868017639161,0.36303348445265304,0.01042382042082268,0.19478169814127166,0.06616630785311528,0.03563975146828462,0.0,0.0,,,
train11,v088_opened_training,64,1024,1.1352195369398377,2,0.7272651275305537,0.3604633216647215,0.007188668628515685,0.13963998874485703,0.04791781017425372,0.026967734341881024,0.0,0.0,,,
train12,v088_opened_training,32,512,1.138062486465643,2,0.7153297687082253,0.3599134716279599,0.01108247808507799,0.181623718696924,0.07356410443902207,0.036299105746959257,0.0,0.0,,,
train13,v088_opened_training,64,1024,1.1808606375430917,2,0.7413713296953715,0.3524468685174199,0.00795449935390749,0.1257050391757311,0.04846198922040495,0.02699865704923799,0.0,0.0,,,
train14,v088_opened_training,32,512,1.0920433923015926,2,0.7138442511489027,0.3721157011230269,0.009497441501321409,0.212992734996516,0.0647731578788314,0.034525641043826244,0.0,0.0,,,
train15,v088_opened_training,64,1024,1.1031999972033983,2,0.7099223414740737,0.35754935713124913,0.006802610583001046,0.14970698184336165,0.05606843748681036,0.0253173710190832,0.0,0.0,,,
train16,v088_opened_training,32,512,1.073675805347119,2,0.7173488086726094,0.3909730715310726,0.010733772629140695,0.1849606747905071,0.06803562012356003,0.03616621953431201,0.0,0.0,,,
train17,v088_opened_training,64,1024,1.03004884083722,2,0.7106474583144813,0.38571118414017247,0.007916013357381731,0.12570318361591848,0.05076993434457935,0.026818629476679273,0.0,0.0,,,
train18,v088_opened_training,32,512,1.041439030166644,2,0.6999896184158704,0.36631158161878646,0.009426161377269829,0.21228628305499564,0.06735886325075831,0.03622008217611211,0.0,0.0,,,
train19,v088_opened_training,64,1024,1.2440716105030738,2,0.7637839455960576,0.34322016095034663,0.007105974120137276,0.14230514249049211,0.04806406010928846,0.02580837148880183,0.0,0.0,,,
train20,v088_opened_training,32,512,1.1523894518964142,2,0.719658880117949,0.3734540489942613,0.011309386583222504,0.17403515332760605,0.06916055203209165,0.0363202604334256,0.0,0.0,,,
train21,v088_opened_training,64,1024,1.2314704173318358,2,0.7525300187963866,0.3497795523781553,0.00839255757113604,0.11898213077799559,0.04537572785148455,0.025364147834317157,0.0,0.0,,,
train22,v088_opened_training,32,512,1.3083569672708955,2,0.7536928249177341,0.33063358646853636,0.010272631979547437,0.19583455710953454,0.06205053744820422,0.03657446347848882,0.0,0.0,,,
train23,v088_opened_training,64,1024,1.1723011783570003,2,0.7462706005071899,0.3646252995915226,0.006725004250321711,0.1507803424357003,0.046607315931776215,0.026538375834946122,0.0,0.0,,,
train24,v088_opened_training,32,512,1.1111839881884795,2,0.7131646024352452,0.36160801394647385,0.011568513395675478,0.1745780569462554,0.07222738666723749,0.038841981308472044,0.0,0.0,,,
train25,v088_opened_training,64,1024,1.043613752526375,2,0.6889119218924725,0.37358352954927554,0.008038835626120674,0.12536645992270645,0.05332830355144483,0.026218936934665905,0.0,0.0,,,
train26,v088_opened_training,32,512,1.4926654800352075,2,0.8336205580934894,0.31647986371848397,0.010710228359367531,0.18956089308374868,0.05917431520892561,0.03783883953400532,0.0,0.0,,,
train27,v088_opened_training,64,1024,1.125552697112833,2,0.7158502522330573,0.35222041135943954,0.007235249095441235,0.14033226494300408,0.05185536430738845,0.025666558216858367,0.0,0.0,,,
train28,v088_opened_training,32,512,1.2476292036253678,2,0.7542904771538282,0.34630119369695656,0.011399343485363114,0.1758960108973916,0.07642468876532452,0.03623409088228864,0.0,0.0,,,
train29,v088_opened_training,64,1024,1.0992282484541747,2,0.7216846326829242,0.3649299046383357,0.007586783499079235,0.13321360382518457,0.04842328761623627,0.02731001932689928,0.0,0.0,,,
train30,v088_opened_training,32,512,1.113086315775767,2,0.714560550856455,0.37344930685776195,0.010343385520119071,0.1954314921739198,0.07710985503030796,0.03481916797092741,0.0,0.0,,,
train31,v088_opened_training,64,1024,1.1349772949961618,2,0.736837402777334,0.3656058962207007,0.0072487309164226054,0.14016734930543243,0.05194901568708,0.026512526480435488,0.0,0.0,,,
train32,v088_opened_training,32,512,1.1548722570859065,2,0.7110819753851364,0.3572380951171131,0.011723622597446021,0.16945173929068888,0.06445027077148834,0.03785202022945,0.0,0.0,,,
train33,v088_opened_training,64,1024,1.013386782837006,2,0.678060812691558,0.38168192023573594,0.007993861209556846,0.12445072145887416,0.0490277242577046,0.026915882647661763,0.0,0.0,,,
train34,v088_opened_training,32,512,1.343292343537851,2,0.7707445100833207,0.3378368396768601,0.01000557469925139,0.19911566016468968,0.06483189975939979,0.03524480704819706,0.0,0.0,,,
train35,v088_opened_training,64,1024,1.1109922957647247,2,0.7255519223342182,0.3641562226997542,0.007128827017340931,0.14121806918001256,0.05135231345324919,0.025777725331519778,0.0,0.0,,,
train36,v088_opened_training,32,512,0.9468791835211593,2,0.6371812605157399,0.38464810201617927,0.011176823710996821,0.17864596406303435,0.06699267352441876,0.03633100033584525,0.0,0.0,,,
train37,v088_opened_training,64,1024,1.0887741674875218,2,0.7265943819697817,0.3606845840590922,0.008102808395404362,0.12418560537233432,0.0500932091614542,0.025352973943257927,0.0,0.0,,,
train38,v088_opened_training,32,512,1.2197149262108244,2,0.7497537735868304,0.3534530567200435,0.009571632353365831,0.2085114162029864,0.07202546227265345,0.03668608834423165,0.0,0.0,,,
train39,v088_opened_training,64,1024,1.02265484667775,2,0.7127478832571994,0.3826688219899762,0.007068899465061423,0.14125085161639653,0.05444815275268671,0.02621014430278504,0.0,0.0,,,
train40,v088_opened_training,32,512,1.0090800932304587,2,0.6820083187775016,0.3923795201231736,0.011972907645696147,0.1675351958483608,0.0695868901010734,0.03737254107772597,0.0,0.0,,,
train41,v088_opened_training,64,1024,1.2528817609280705,2,0.7495201310718748,0.3318618599253967,0.00800306936654251,0.1251111646266763,0.04638472500466404,0.02558095073918033,0.0,0.0,,,
train42,v088_opened_training,32,512,1.2799823993228163,2,0.7667552649016189,0.35259000960154746,0.008350070470685592,0.14410852779694486,0.05409426629559184,0.03623337315809392,0.0,0.0,,,
train43,v088_opened_training,64,1024,1.077562163400968,2,0.6951323131256564,0.3566872803604906,0.007363976605853536,0.13651286482140548,0.0485025425812254,0.025433903748106786,0.0,0.0,,,
train44,v088_opened_training,32,512,1.098204564809959,2,0.7252058363973953,0.3660246170325187,0.012163303966103661,0.16304243719445935,0.07557072033047081,0.03632712506880615,0.0,0.0,,,
train45,v088_opened_training,64,1024,1.1088999666064452,2,0.7123406510790622,0.35448845177111615,0.007932586932957841,0.12641367078750892,0.04772109652424403,0.02539169102354479,0.0,0.0,,,
train46,v088_opened_training,32,512,1.2789799201757863,2,0.8061857960069431,0.36258775608346006,0.010018959909582533,0.20034294390269666,0.06891028093906584,0.03604584631154384,0.0,0.0,,,
train47,v088_opened_training,64,1024,1.146672312452608,2,0.7323919410040581,0.3556971325520601,0.0070661537547623094,0.14196255800616922,0.051855653473887674,0.026302316717028672,0.0,0.0,,,
m106_bp_k8_r0,M106_opened_transfer,16,256,1.5075136265974309e-16,4,1.5075136265974309e-16,1.2450191479161734e-16,0.01596510000269541,0.2635380764001433,0.09968400531150129,0.04582602100431428,0.0,0.0,0.0,0.0,0.0
m106_bp_k8_r1,M106_opened_transfer,16,256,1.3738309013483032e-16,4,1.3738309013483032e-16,1.248880429985133e-16,0.0077875481207645095,0.13734304533614303,0.051410639543877465,0.051266258416594476,0.0,0.0,0.0,0.0,0.0
m106_bp_k8_r2,M106_opened_transfer,16,256,1.442222014787673e-16,4,1.442222014787673e-16,1.20135080308592e-16,0.015297181274534546,0.2641635414638104,0.0958736166059815,0.046895996634367255,0.0,0.0,0.0,0.0,0.0
m106_bp_k8_r3,M106_opened_transfer,16,256,1.5328517645723046e-16,4,1.5328517645723046e-16,1.2517685751333201e-16,0.014990548199097987,0.27118853651791874,0.09001681909268121,0.050777485525977134,0.0,0.0,0.0,0.0,0.0
m106_bp_k16_r0,M106_opened_transfer,32,512,1.4946834900704541e-16,4,1.4946834900704541e-16,1.2952472881629858e-16,0.012395259605911311,0.167479630569749,0.0656079220953161,0.03548401673336392,0.0,0.0,0.0,0.0,0.0
m106_bp_k16_r1,M106_opened_transfer,32,512,1.594436429147036e-16,4,1.594436429147036e-16,1.3702119431765818e-16,0.011257697510795275,0.1865297121608167,0.0796567191430387,0.03419026785843427,0.0,0.0,0.0,0.0,0.0
m106_bp_k16_r2,M106_opened_transfer,32,512,1.6302709355362946e-16,4,1.6302709355362946e-16,1.4312257165758698e-16,0.00706227532343711,0.12780851942988156,0.045988904469322994,0.033042658540966094,0.0,0.0,0.0,0.0,0.0
m106_bp_k16_r3,M106_opened_transfer,32,512,1.642041997679149e-16,4,1.642041997679149e-16,1.4961927127868092e-16,0.010490786404532689,0.1967199467797826,0.0664884037195901,0.036919061565600236,0.0,0.0,0.0,0.0,0.0
m106_bp_k32_r0,M106_opened_transfer,64,1024,1.9404105342110072e-16,4,1.9404105342110072e-16,1.8443983896222767e-16,0.008140356587805967,0.12737752984152018,0.0481473832920846,0.02712983787290896,0.0,0.0,0.0,0.0,0.0
m106_bp_k32_r1,M106_opened_transfer,64,1024,1.925464916051557e-16,4,1.925464916051557e-16,1.7875597343102245e-16,0.007686006579484501,0.13562892087235937,0.04886223634046708,0.025324061540493766,0.0,0.0,0.0,0.0,0.0
m106_bp_k32_r2,M106_opened_transfer,64,1024,1.9453668910313342e-16,4,1.9453668910313342e-16,1.7837679526232575e-16,0.0079393525856422,0.1313423569373846,0.05234641258909876,0.026011895813891045,0.0,0.0,0.0,0.0,0.0
m106_bp_k32_r3,M106_opened_transfer,64,1024,1.885030701976615e-16,4,1.885030701976615e-16,1.7577669308926462e-16,0.007688037514818468,0.1344755882085187,0.049788904050353494,0.026438062703910265,0.0,0.0,0.0,0.0,0.0
m106_bp_k64_r0,M106_opened_transfer,128,2048,2.448358011383399e-16,4,2.448358011383399e-16,2.3284654608147506e-16,0.005728879047855714,0.0921058157259813,0.0356862597102608,0.018873085531096206,0.0,0.0,0.0,0.0,0.0
m106_bp_k64_r1,M106_opened_transfer,128,2048,2.367373257043945e-16,4,2.367373257043945e-16,2.242423667879006e-16,0.005417770456029159,0.09495469095772009,0.03511615478215683,0.018928763470780013,0.0,0.0,0.0,0.0,0.0
m106_bp_k64_r2,M106_opened_transfer,128,2048,2.471843997619693e-16,4,2.471843997619693e-16,2.362696200209494e-16,0.005558707181672099,0.09184159005825168,0.03394195236298097,0.019120805268504508,0.0,0.0,0.0,0.0,0.0
m106_bp_k64_r3,M106_opened_transfer,128,2048,2.341812442669706e-16,4,2.341812442669706e-16,2.197704280038704e-16,0.005451185705979986,0.09499175949019358,0.035512481879415476,0.017736671646450836,0.0,0.0,0.0,0.0,0.0
