case_id,family,observed_exact_outputs,fully_verified_native_paths,status,native_cold_seconds,native_resident_fresh_seconds,free_optimistic_cold_seconds,free_optimistic_resident_seconds,native_over_free_cold,native_over_free_resident,native_over_free_compiled_reuse,max_state_reduction,max_transition_reduction,native_cold_path,native_resident_path,free_cold_path,free_resident_path
brp-small-p1,brp,28,7,COMPLETE_PATH_AVAILABLE,0.240974934,0.027870374,0.201360703,0.003819248,1.196732681252111,7.2973459696778,1.0333314028235898,1.8919753086419753,1.7765486725663717,prism/sparse_exact_topological,jani/sparse_exact_topological,jani/sparse_parametric_bisim,jani/sparse_parametric_bisim
brp-large-p1,brp,32,8,COMPLETE_PATH_AVAILABLE,0.332204309,0.127391935,0.24604814099999997,0.048821359,1.3501598006383637,2.609348400154121,0.9981294913270649,1.8760927404028886,1.790535090077978,prism/sparse_exact,prism/sparse_exact,jani/sparse_parametric_bisim,jani/dd_parametric_bisim_sparse
coupon-large-exp_draws,coupon,20,5,COMPLETE_PATH_AVAILABLE,0.260888183,0.049225217,0.19546717200000002,0.00218289,1.3346905279828778,22.550479868431303,1.0667899776804242,89.95,108.06944444444444,jani/sparse_parametric_bisim,jani/sparse_parametric_bisim,jani/sparse_parametric_bisim,jani/sparse_parametric_bisim
crowds-small-positive,crowds,29,6,COMPLETE_PATH_AVAILABLE,0.258634854,0.039668496,0.21083567399999997,0.006864401,1.22671296129895,5.778872184186209,1.05020821392509,28.625,32.583333333333336,jani/sparse_parametric_bisim,jani/sparse_parametric_bisim,jani/sparse_parametric_bisim,jani/sparse_parametric_bisim
crowds-large-positive,crowds,32,8,COMPLETE_PATH_AVAILABLE,0.313422494,0.098400541,0.200134519,0.006070508,1.5660591464483944,16.209605687036404,1.079465967077179,161.5,248.83333333333334,jani/sparse_parametric_bisim,jani/sparse_parametric_bisim,jani/dd_parametric_bisim_sparse,jani/sparse_parametric_bisim
egl-large-unfairA,egl,40,10,COMPLETE_PATH_AVAILABLE,0.96471594,0.758146671,0.203479224,0.014280798999999999,4.74110290493343,53.088533141598035,1.094295061264245,2815.8333333333335,1934.0555555555557,jani/sparse_parametric_bisim,jani/sparse_parametric_bisim,jani/sparse_parametric_bisim,jani/sparse_parametric_bisim
haddad-monmege-small-exp_steps,haddad-monmege,40,10,COMPLETE_PATH_AVAILABLE,0.229285799,0.019581721,0.195344524,0.0019634120000000003,1.1737508393119842,9.973312274754354,1.0457334282188722,1.99009900990099,2.0,prism/sparse_exact,prism/sparse_parametric_bisim,jani/dd_parametric_bisim_sparse,jani/sparse_parametric_bisim
herman-small-steps,herman,37,9,COMPLETE_PATH_AVAILABLE,0.231704945,0.017363731,0.194837227,0.00210224,1.1892231714014283,8.25963305807139,1.0909935610466566,14.222222222222221,44.36734693877551,prism/sparse_parametric_bisim,prism/sparse_parametric_bisim,jani/dd_parametric_bisim_sparse,jani/sparse_parametric_bisim
herman-large-steps,herman,0,0,INCOMPLETE,,,,,,,,,,,,,
leader_sync-small-time,leader_sync,32,8,COMPLETE_PATH_AVAILABLE,0.23813554,0.027265699,0.20037757399999997,0.004679763,1.1884340909327509,5.826299109591661,1.2511764503124836,11.75,13.23076923076923,jani/sparse_parametric_bisim,jani/sparse_exact,jani/sparse_parametric_bisim,jani/sparse_parametric_bisim
nand-large-reliable,nand,29,7,COMPLETE_PATH_AVAILABLE,0.954915797,0.744754587,0.33131037500000005,0.138204531,2.8822393412823244,5.388785603563171,0.9913357327757126,1.9594266703354428,1.9970088911532204,prism/sparse_exact,prism/sparse_exact_topological,prism/sparse_parametric_bisim,jani/dd_parametric_bisim_sparse
oscillators-small-power_consumption,oscillators,28,7,COMPLETE_PATH_AVAILABLE,0.580967854,0.447629356,0.302551752,0.120929572,1.9202263750236024,3.7015706629640595,0.996181042742221,1.0021645021645023,1.0015686274509803,prism/sparse_parametric_bisim,prism/sparse_parametric_bisim,jani/sparse_parametric_bisim,jani/sparse_parametric_bisim
oscillators-large-power_consumption,oscillators,14,2,COMPLETE_PATH_AVAILABLE,11.294680731,12.588701532,,,,,,,,prism/sparse_exact,prism/sparse_exact,,
