case_id,pair_id,seed,m,width_factor,conditioning,surface,route,direct_capable,candidate_capable,direct_observed_operational_ms,candidate_observed_operational_ms,direct_cold_plus_investment_ms,candidate_cold_plus_investment_ms,direct_registered_complete_ms,candidate_registered_complete_ms,S_registered_ms,registered_candidate_direct_ratio,S_stationary_operational_ms,N_break_even_same_case,status,expanded_timed_observations,expanded_accepted_timed_observations,fallback_timed_observations
q5_m128_w16_r0_base,q5_m128_w16_r0,103528,128,16,1,False,EXPAND4_s100001,True,True,441.395529,89.313873,1148.9907950000002,8286.618450000002,441.5104280795,90.142534845,351.3678932345,0.20416852946623631,352.081656,21,COMPARABLE,0,0,0
q5_m128_w16_r0_base,q5_m128_w16_r0,103528,128,16,1,False,EXPAND4_s100002,True,True,441.395529,84.911444,1148.9907950000002,8342.977188,441.5104280795,85.7457417188,355.7646863607,0.19421000335548202,356.484085,21,COMPARABLE,0,0,0
q5_m128_w16_r0_surface,q5_m128_w16_r0,103528,128,16,1,True,EXPAND4_s100001,True,True,462.303825,87.09851,1148.990795,8286.618450000002,462.4187240795,87.927171845,374.4915522345,0.1901462187112548,375.20531500000004,20,COMPARABLE,0,0,0
q5_m128_w16_r0_surface,q5_m128_w16_r0,103528,128,16,1,True,EXPAND4_s100002,True,True,462.303825,86.190901,1148.990795,8342.977188,462.4187240795,87.0251987188,375.3935253607,0.18819566377212366,376.112924,20,COMPARABLE,0,0,0
q5_m128_w16_r1_base,q5_m128_w16_r1,103529,128,16,1000,False,EXPAND4_s100001,True,True,478.224275,100.599302,1148.990795,8286.618450000002,478.33917407949997,101.427963845,376.9112102345,0.21204193455446044,377.62497299999995,19,COMPARABLE,0,0,0
q5_m128_w16_r1_base,q5_m128_w16_r1,103529,128,16,1000,False,EXPAND4_s100002,True,True,478.224275,97.975451,1148.990795,8342.977188,478.33917407949997,98.80974871880001,379.5294253607,0.20656838091704743,380.24882399999996,19,COMPARABLE,0,0,0
q5_m128_w16_r1_surface,q5_m128_w16_r1,103529,128,16,1000,True,EXPAND4_s100001,True,True,542.515833,109.081382,1148.9907950000002,8286.618450000002,542.6307320795,109.91004384500002,432.7206882345,0.20255034841796846,433.434451,17,COMPARABLE,0,0,0
q5_m128_w16_r1_surface,q5_m128_w16_r1,103529,128,16,1000,True,EXPAND4_s100002,True,True,542.515833,105.560518,1148.9907950000002,8342.977188,542.6307320795,106.3948157188,436.2359163607,0.19607222633902027,436.95531500000004,17,COMPARABLE,0,0,0
q5_m128_w16_r2_base,q5_m128_w16_r2,103530,128,16,1,False,EXPAND4_s100001,True,True,391.649998,185.263564,1148.9907950000002,8286.618450000002,391.7648970795,186.092225845,205.67267123449997,0.47500995426661907,206.38643399999998,35,COMPARABLE,3,3,0
q5_m128_w16_r2_base,q5_m128_w16_r2,103530,128,16,1,False,EXPAND4_s100002,True,True,391.649998,194.176669,1148.9907950000002,8342.977188,391.7648970795,195.0109667188,196.75393036069997,0.49777549793907866,197.47332899999998,37,COMPARABLE,3,3,0
q5_m128_w16_r2_surface,q5_m128_w16_r2,103530,128,16,1,True,EXPAND4_s100001,True,True,483.10309,198.229892,1148.990795,8286.618450000002,483.2179890795,199.058553845,284.1594352345,0.4119435913886279,284.873198,26,COMPARABLE,3,3,0
q5_m128_w16_r2_surface,q5_m128_w16_r2,103530,128,16,1,True,EXPAND4_s100002,True,True,483.10309,191.665409,1148.990795,8342.977188,483.2179890795,192.4997067188,290.71828236069996,0.3983703236824852,291.437681,25,COMPARABLE,3,3,0
q5_m128_w16_r3_base,q5_m128_w16_r3,103531,128,16,1000,False,EXPAND4_s100001,True,True,527.351893,247.824313,1148.990795,8286.618450000002,527.4667920795,248.652974845,278.8138172345,0.4714097239462288,279.52758000000006,26,COMPARABLE,3,3,0
q5_m128_w16_r3_base,q5_m128_w16_r3,103531,128,16,1000,False,EXPAND4_s100002,True,True,527.351893,235.568673,1148.990795,8342.977188,527.4667920795,236.4029707188,291.0638213607,0.4481855052652665,291.78322000000003,25,COMPARABLE,3,3,0
q5_m128_w16_r3_surface,q5_m128_w16_r3,103531,128,16,1000,True,EXPAND4_s100001,True,True,576.565265,268.055167,1148.990795,8286.618450000002,576.6801640795,268.88382884500004,307.7963352344999,0.4662616222879694,308.51009799999997,24,COMPARABLE,3,3,0
q5_m128_w16_r3_surface,q5_m128_w16_r3,103531,128,16,1000,True,EXPAND4_s100002,True,True,576.565265,266.988055,1148.990795,8342.977188,576.6801640795,267.82235271879995,308.8578113607,0.46442095532503613,309.57721,24,COMPARABLE,3,3,0
q5_m128_w1_r0_base,q5_m128_w1_r0,103524,128,1,1,False,EXPAND4_s100001,True,True,21.026525,22.987378,1148.990795,8286.618450000002,21.1414240795,23.816039845,-2.6746157655000005,1.126510671913226,-1.9608530000000002,,COMPARABLE,0,0,0
q5_m128_w1_r0_base,q5_m128_w1_r0,103524,128,1,1,False,EXPAND4_s100002,True,True,21.026525,22.732523,1148.990795,8342.977188,21.1414240795,23.566820718800003,-2.425396639300004,1.1147224818053678,-1.705998000000001,,COMPARABLE,0,0,0
q5_m128_w1_r0_surface,q5_m128_w1_r0,103524,128,1,1,True,EXPAND4_s100001,True,True,21.222251,23.388805,1148.990795,8286.618450000002,21.3371500795,24.217466845,-2.8803167655000017,1.1349906972003403,-2.1665540000000014,,COMPARABLE,0,0,0
q5_m128_w1_r0_surface,q5_m128_w1_r0,103524,128,1,1,True,EXPAND4_s100002,True,True,21.222251,23.475316,1148.990795,8342.977188,21.3371500795,24.3096137188,-2.9724636393000026,1.1393093092669317,-2.2530649999999994,,COMPARABLE,0,0,0
q5_m128_w1_r1_base,q5_m128_w1_r1,103525,128,1,1000,False,EXPAND4_s100001,True,True,25.231579,27.000836,1148.990795,8286.618450000002,25.3464780795,27.829497845,-2.4830197655,1.0979631078413314,-1.7692569999999996,,COMPARABLE,0,0,0
q5_m128_w1_r1_base,q5_m128_w1_r1,103525,128,1,1000,False,EXPAND4_s100002,True,True,25.231579,27.154486,1148.990795,8342.977188,25.3464780795,27.9887837188,-2.6423056393000017,1.1042474473578667,-1.9229069999999986,,COMPARABLE,0,0,0
q5_m128_w1_r1_surface,q5_m128_w1_r1,103525,128,1,1000,True,EXPAND4_s100001,True,True,25.827672,27.866712,1148.990795,8286.618450000002,25.9425710795,28.695373845,-2.7528027655000002,1.1061114088138815,-2.03904,,COMPARABLE,0,0,0
q5_m128_w1_r1_surface,q5_m128_w1_r1,103525,128,1,1000,True,EXPAND4_s100002,True,True,25.827672,27.644739,1148.990795,8342.977188,25.9425710795,28.479036718800003,-2.5364656393000047,1.0977723307195384,-1.8170670000000015,,COMPARABLE,0,0,0
q5_m128_w1_r2_base,q5_m128_w1_r2,103526,128,1,1,False,EXPAND4_s100001,True,True,21.136752,22.901557,1148.9907950000002,8286.618450000002,21.2516510795,23.730218845,-2.4785677654999994,1.116629421226048,-1.764804999999999,,COMPARABLE,0,0,0
q5_m128_w1_r2_base,q5_m128_w1_r2,103526,128,1,1,False,EXPAND4_s100002,True,True,21.136752,22.708565,1148.9907950000002,8342.977188,21.2516510795,23.542862718800002,-2.291211639300002,1.1078133473361125,-1.5718129999999988,,COMPARABLE,0,0,0
q5_m128_w1_r2_surface,q5_m128_w1_r2,103526,128,1,1,True,EXPAND4_s100001,True,True,21.008127,22.744451,1148.990795,8286.618450000002,21.1230260795,23.573112845,-2.4500867655,1.1159912768312028,-1.7363239999999998,,COMPARABLE,0,0,0
q5_m128_w1_r2_surface,q5_m128_w1_r2,103526,128,1,1,True,EXPAND4_s100002,True,True,21.008127,22.774385,1148.990795,8342.977188,21.1230260795,23.6086827188,-2.4856566393,1.1176752151867266,-1.766257999999997,,COMPARABLE,0,0,0
q5_m128_w1_r3_base,q5_m128_w1_r3,103527,128,1,1000,False,EXPAND4_s100001,True,True,24.420406,26.65398,1148.990795,8286.618450000002,24.5353050795,27.482641845,-2.947336765500001,1.120126354897563,-2.233574000000001,,COMPARABLE,0,0,0
q5_m128_w1_r3_base,q5_m128_w1_r3,103527,128,1,1000,False,EXPAND4_s100002,True,True,24.420406,25.976979,1148.990795,8342.977188,24.5353050795,26.811276718800002,-2.2759716393000033,1.0927631277428724,-1.5565730000000002,,COMPARABLE,0,0,0
q5_m128_w1_r3_surface,q5_m128_w1_r3,103527,128,1,1000,True,EXPAND4_s100001,True,True,25.691738,28.075599,1148.990795,8286.618450000002,25.8066370795,28.904260845,-3.0976237655,1.1200320582630527,-2.3838609999999996,,COMPARABLE,0,0,0
q5_m128_w1_r3_surface,q5_m128_w1_r3,103527,128,1,1000,True,EXPAND4_s100002,True,True,25.691738,28.251304,1148.990795,8342.977188,25.8066370795,29.085601718800003,-3.2789646393000034,1.1270589666216027,-2.5595660000000002,,COMPARABLE,0,0,0
q5_m128_w32_r0_base,q5_m128_w32_r0,103532,128,32,1,False,EXPAND4_s100001,True,True,850.90223,117.904322,1148.9907949999997,8286.618450000002,851.0171290795,118.73298384499999,732.2841452345,0.1395189118853896,732.997908,10,COMPARABLE,0,0,0
q5_m128_w32_r0_base,q5_m128_w32_r0,103532,128,32,1,False,EXPAND4_s100002,True,True,850.90223,121.24484,1148.9907949999997,8342.977188,851.0171290795,122.0791377188,728.9379913607,0.14345085844611202,729.6573900000001,10,COMPARABLE,0,0,0
q5_m128_w32_r0_surface,q5_m128_w32_r0,103532,128,32,1,True,EXPAND4_s100001,True,True,1020.491826,123.618907,1148.9907950000002,8286.618450000002,1020.6067250794999,124.44756884499999,896.1591562345,0.1219348900873705,896.8729189999999,8,COMPARABLE,0,0,0
q5_m128_w32_r0_surface,q5_m128_w32_r0,103532,128,32,1,True,EXPAND4_s100002,True,True,1020.491826,118.996813,1148.9907950000002,8342.977188,1020.6067250794999,119.8311107188,900.7756143606999,0.11741164130528906,901.495013,8,COMPARABLE,0,0,0
q5_m128_w32_r1_base,q5_m128_w32_r1,103533,128,32,1000,False,EXPAND4_s100001,True,True,1096.933296,142.666038,1148.990795,8286.618450000002,1097.0481950795,143.49469984499999,953.5534952344999,0.1308007255183546,954.267258,8,COMPARABLE,0,0,0
q5_m128_w32_r1_base,q5_m128_w32_r1,103533,128,32,1000,False,EXPAND4_s100002,True,True,1096.933296,136.959213,1148.990795,8342.977188,1097.0481950795,137.7935107188,959.2546843606999,0.1256038807928712,959.974083,8,COMPARABLE,0,0,0
q5_m128_w32_r1_surface,q5_m128_w32_r1,103533,128,32,1000,True,EXPAND4_s100001,True,True,1116.574544,151.120053,1148.9907949999997,8286.618450000002,1116.6894430795,151.948714845,964.7407282345,0.13607070057541718,965.4544910000001,8,COMPARABLE,0,0,0
q5_m128_w32_r1_surface,q5_m128_w32_r1,103533,128,32,1000,True,EXPAND4_s100002,True,True,1116.574544,138.224833,1148.9907949999997,8342.977188,1116.6894430795,139.0591307188,977.6303123607,0.12452802485113133,978.3497110000001,8,COMPARABLE,0,0,0
q5_m128_w32_r2_base,q5_m128_w32_r2,103534,128,32,1,False,EXPAND4_s100001,True,True,901.403833,235.171857,1148.9907950000002,8286.618450000002,901.5187320795,236.000518845,665.5182132345,0.2617810484099718,666.231976,11,COMPARABLE,3,3,0
q5_m128_w32_r2_base,q5_m128_w32_r2,103534,128,32,1,False,EXPAND4_s100002,True,True,901.403833,238.160219,1148.9907950000002,8342.977188,901.5187320795,238.99451671880004,662.5242153606999,0.26510210849143445,663.243614,11,COMPARABLE,3,3,0
q5_m128_w32_r2_surface,q5_m128_w32_r2,103534,128,32,1,True,EXPAND4_s100001,True,True,1024.245589,239.905608,1148.9907949999997,8286.618450000002,1024.3604880795,240.734269845,783.6262182345001,0.2350093279137849,784.3399810000001,10,COMPARABLE,3,3,0
q5_m128_w32_r2_surface,q5_m128_w32_r2,103534,128,32,1,True,EXPAND4_s100002,True,True,1024.245589,243.791645,1148.9907949999997,8342.977188,1024.3604880795,244.62594271879996,779.7345453607002,0.2388084522641356,780.4539440000001,10,COMPARABLE,3,3,0
q5_m128_w32_r3_base,q5_m128_w32_r3,103535,128,32,1000,False,EXPAND4_s100001,True,True,1036.80918,146.577855,1148.990795,8286.618450000002,1036.9240790795,147.406516845,889.5175622345,0.14215748271161371,890.231325,9,COMPARABLE,0,0,0
q5_m128_w32_r3_base,q5_m128_w32_r3,103535,128,32,1000,False,EXPAND4_s100002,True,True,1036.80918,132.490107,1148.990795,8342.977188,1036.9240790795,133.3244047188,903.5996743607,0.12857682390513583,904.319073,8,COMPARABLE,0,0,0
q5_m128_w32_r3_surface,q5_m128_w32_r3,103535,128,32,1000,True,EXPAND4_s100001,True,True,1205.16567,148.051256,1148.990795,8286.618450000002,1205.2805690795,148.879917845,1056.4006512345002,0.12352303825714452,1057.1144140000001,7,COMPARABLE,0,0,0
q5_m128_w32_r3_surface,q5_m128_w32_r3,103535,128,32,1000,True,EXPAND4_s100002,True,True,1205.16567,143.318444,1148.990795,8342.977188,1205.2805690795,144.1527417188,1061.1278273607002,0.11960098371858155,1061.847226,7,COMPARABLE,0,0,0
q5_m256_w16_r0_base,q5_m256_w16_r0,103540,256,16,1,False,EXPAND4_s100001,True,True,3875.24216,602.096252,1148.9907949999997,8286.618450000002,3875.3570590795,602.924913845,3272.4321452345,0.15557919042128487,3273.1459079999995,3,COMPARABLE,0,0,0
q5_m256_w16_r0_base,q5_m256_w16_r0,103540,256,16,1,False,EXPAND4_s100002,True,True,3875.24216,637.11036,1148.9907949999997,8342.977188,3875.3570590795,637.9446577187999,3237.4124013606997,0.16461571101536868,3238.1317999999997,3,COMPARABLE,0,0,0
q5_m256_w16_r0_surface,q5_m256_w16_r0,103540,256,16,1,True,EXPAND4_s100001,True,True,3039.819824,567.456992,1148.9907949999997,8286.618450000002,3039.9347230795,568.285653845,2471.6490692345,0.1869400844467206,2472.3628320000003,3,COMPARABLE,0,0,0
q5_m256_w16_r0_surface,q5_m256_w16_r0,103540,256,16,1,True,EXPAND4_s100002,True,True,3039.819824,620.043607,1148.9907949999997,8342.977188,3039.9347230795,620.8779047187999,2419.0568183607,0.20424053845795778,2419.776217,3,COMPARABLE,0,0,0
q5_m256_w16_r1_base,q5_m256_w16_r1,103541,256,16,1000,False,EXPAND4_s100001,True,True,4272.292217,739.069546,1148.9907949999997,8286.618450000002,4272.4071160795,739.8982078449999,3532.5089082345003,0.17318064213973003,3533.2226710000004,3,COMPARABLE,0,0,0
q5_m256_w16_r1_base,q5_m256_w16_r1,103541,256,16,1000,False,EXPAND4_s100002,True,True,4272.292217,732.304502,1148.9907949999997,8342.977188,4272.4071160795,733.1387997187999,3539.2683163607003,0.17159853445604029,3539.987715,3,COMPARABLE,0,0,0
q5_m256_w16_r1_surface,q5_m256_w16_r1,103541,256,16,1000,True,EXPAND4_s100001,True,True,4215.912751,816.862917,1148.9907949999997,8286.618450000002,4216.0276500795,817.6915788449999,3398.3360712345,0.19394834349095907,3399.049834,3,COMPARABLE,0,0,0
q5_m256_w16_r1_surface,q5_m256_w16_r1,103541,256,16,1000,True,EXPAND4_s100002,True,True,4215.912751,863.594944,1148.9907949999997,8342.977188,4216.0276500795,864.4292417188,3351.5984083607,0.2050340542008779,3352.317807,3,COMPARABLE,0,0,0
q5_m256_w16_r2_base,q5_m256_w16_r2,103542,256,16,1,False,EXPAND4_s100001,True,True,3623.873212,556.196847,1148.9907950000002,8286.618450000002,3623.9881110795,557.025508845,3066.9626022345,0.1537051148545505,3067.676365,3,COMPARABLE,0,0,0
q5_m256_w16_r2_base,q5_m256_w16_r2,103542,256,16,1,False,EXPAND4_s100002,True,True,3623.873212,591.391359,1148.9907950000002,8342.977188,3623.9881110795,592.2256567187999,3031.7624543607,0.16341821180599567,3032.4818530000002,3,COMPARABLE,0,0,0
q5_m256_w16_r2_surface,q5_m256_w16_r2,103542,256,16,1,True,EXPAND4_s100001,True,True,3144.83547,624.140495,1148.9907949999997,8286.618450000002,3144.9503690795,624.9691568449999,2519.9812122345,0.19872146886309147,2520.694975,3,COMPARABLE,0,0,0
q5_m256_w16_r2_surface,q5_m256_w16_r2,103542,256,16,1,True,EXPAND4_s100002,True,True,3144.83547,586.923873,1148.9907949999997,8342.977188,3144.9503690795,587.7581707187999,2557.1921983607,0.1868894900528531,2557.9115970000003,3,COMPARABLE,0,0,0
q5_m256_w16_r3_base,q5_m256_w16_r3,103543,256,16,1000,False,EXPAND4_s100001,True,True,4676.033297,2022.079823,1148.9907949999997,8286.618450000002,4676.1481960795,2022.9084848450002,2653.2397112344997,0.4326014488892833,2653.953474,3,COMPARABLE,3,3,0
q5_m256_w16_r3_base,q5_m256_w16_r3,103543,256,16,1000,False,EXPAND4_s100002,True,True,4676.033297,2135.244126,1148.9907949999997,8342.977188,4676.1481960795,2136.0784237188,2540.0697723607,0.4568029784662719,2540.789171,3,COMPARABLE,3,3,0
q5_m256_w16_r3_surface,q5_m256_w16_r3,103543,256,16,1000,True,EXPAND4_s100001,True,True,4292.591682,2463.027935,1148.9907949999997,8286.618450000002,4292.7065810795,2463.8565968450002,1828.8499842345,0.5739634308351461,1829.5637470000001,4,COMPARABLE,3,3,0
q5_m256_w16_r3_surface,q5_m256_w16_r3,103543,256,16,1000,True,EXPAND4_s100002,True,True,4292.591682,2420.268348,1148.9907949999997,8342.977188,4292.7065810795,2421.1026457188,1871.6039353607002,0.5640037584655874,1872.3233340000002,4,COMPARABLE,3,3,0
q5_m256_w1_r0_base,q5_m256_w1_r0,103536,256,1,1,False,EXPAND4_s100001,True,True,111.937708,114.746944,1148.990795,8286.618450000002,112.0526070795,115.575605845,-3.5229987654999917,1.031440578290164,-2.8092359999999985,,COMPARABLE,0,0,0
q5_m256_w1_r0_base,q5_m256_w1_r0,103536,256,1,1,False,EXPAND4_s100002,True,True,111.937708,114.647431,1148.990795,8342.977188,112.0526070795,115.4817287188,-3.429121639299993,1.030602783180824,-2.7097229999999968,,COMPARABLE,0,0,0
q5_m256_w1_r0_surface,q5_m256_w1_r0,103536,256,1,1,True,EXPAND4_s100001,True,True,112.529666,118.371565,1148.990795,8286.618450000002,112.64456507950001,119.200226845,-6.555661765499991,1.0581977635660742,-5.841898999999998,,COMPARABLE,0,0,0
q5_m256_w1_r0_surface,q5_m256_w1_r0,103536,256,1,1,True,EXPAND4_s100002,True,True,112.529666,116.116506,1148.990795,8342.977188,112.64456507950001,116.9508037188,-4.306238639299991,1.0382285522276269,-3.586839999999995,,COMPARABLE,0,0,0
q5_m256_w1_r1_base,q5_m256_w1_r1,103537,256,1,1000,False,EXPAND4_s100001,True,True,132.954948,140.394628,1148.990795,8286.618450000002,133.0698470795,141.223289845,-8.153442765500017,1.0612719030226954,-7.43968000000001,,COMPARABLE,0,0,0
q5_m256_w1_r1_base,q5_m256_w1_r1,103537,256,1,1000,False,EXPAND4_s100002,True,True,132.954948,142.398106,1148.990795,8342.977188,133.0698470795,143.23240371880001,-10.162556639300021,1.0763700933182,-9.443158000000011,,COMPARABLE,0,0,0
q5_m256_w1_r1_surface,q5_m256_w1_r1,103537,256,1,1000,True,EXPAND4_s100001,True,True,162.99159,137.502226,1148.990795,8286.618450000002,163.1064890795,138.330887845,24.775601234499987,0.8481016826839791,25.489363999999995,281,COMPARABLE,0,0,0
q5_m256_w1_r1_surface,q5_m256_w1_r1,103537,256,1,1000,True,EXPAND4_s100002,True,True,162.99159,164.50266,1148.990795,8342.977188,163.1064890795,165.3369577188,-2.2304686392999997,1.0136749227568307,-1.5110699999999895,,COMPARABLE,0,0,0
q5_m256_w1_r2_base,q5_m256_w1_r2,103538,256,1,1,False,EXPAND4_s100001,True,True,108.758793,112.243258,1148.990795,8286.618450000002,108.8736920795,113.071919845,-4.198227765499993,1.0385605345544306,-3.484465,,COMPARABLE,0,0,0
q5_m256_w1_r2_base,q5_m256_w1_r2,103538,256,1,1,False,EXPAND4_s100002,True,True,108.758793,112.09317,1148.990795,8342.977188,108.8736920795,112.9274677188,-4.0537756392999995,1.0372337482257874,-3.3343770000000035,,COMPARABLE,0,0,0
q5_m256_w1_r2_surface,q5_m256_w1_r2,103538,256,1,1,True,EXPAND4_s100001,True,True,120.920328,119.838422,1148.990795,8286.618450000002,121.0352270795,120.667083845,0.3681432345000104,0.9969583794455296,1.0819060000000036,6598,COMPARABLE,0,0,0
q5_m256_w1_r2_surface,q5_m256_w1_r2,103538,256,1,1,True,EXPAND4_s100002,True,True,120.920328,122.022617,1148.990795,8342.977188,121.0352270795,122.8569147188,-1.821687639299995,1.0150508879378022,-1.102288999999999,,COMPARABLE,0,0,0
q5_m256_w1_r3_base,q5_m256_w1_r3,103539,256,1,1000,False,EXPAND4_s100001,True,True,137.736176,141.513609,1148.9907950000002,8286.618450000002,137.8510750795,142.342270845,-4.491195765500009,1.0325800561432683,-3.777433000000002,,COMPARABLE,0,0,0
q5_m256_w1_r3_base,q5_m256_w1_r3,103539,256,1,1000,False,EXPAND4_s100002,True,True,137.736176,141.7667,1148.9907950000002,8342.977188,137.8510750795,142.6009977188,-4.749922639299996,1.0344569140034683,-4.030523999999986,,COMPARABLE,0,0,0
q5_m256_w1_r3_surface,q5_m256_w1_r3,103539,256,1,1000,True,EXPAND4_s100001,True,True,141.755253,165.079192,1148.990795,8286.618450000002,141.8701520795,165.907853845,-24.037701765500003,1.1694345245505198,-23.323938999999996,,COMPARABLE,0,0,0
q5_m256_w1_r3_surface,q5_m256_w1_r3,103539,256,1,1000,True,EXPAND4_s100002,True,True,141.755253,162.851092,1148.990795,8342.977188,141.8701520795,163.6853897188,-21.815237639299994,1.1537690438724233,-21.095838999999984,,COMPARABLE,0,0,0
q5_m256_w32_r0_base,q5_m256_w32_r0,103544,256,32,1,False,EXPAND4_s100001,False,True,5037.309857,787.205087,1148.9907949999997,8286.618450000002,5037.4247560795,788.033748845,,,,,CAPABILITY_OR_ACCOUNTING_UNREACHED,0,0,0
q5_m256_w32_r0_base,q5_m256_w32_r0,103544,256,32,1,False,EXPAND4_s100002,False,True,5037.309857,780.914726,1148.9907949999997,8342.977188,5037.4247560795,781.7490237187999,,,,,CAPABILITY_OR_ACCOUNTING_UNREACHED,0,0,0
q5_m256_w32_r0_surface,q5_m256_w32_r0,103544,256,32,1,True,EXPAND4_s100001,False,True,5037.748163,798.76845,1148.9907949999997,8286.618450000002,5037.8630620795,799.597111845,,,,,CAPABILITY_OR_ACCOUNTING_UNREACHED,0,0,0
q5_m256_w32_r0_surface,q5_m256_w32_r0,103544,256,32,1,True,EXPAND4_s100002,False,True,5037.748163,792.306594,1148.9907949999997,8342.977188,5037.8630620795,793.1408917187999,,,,,CAPABILITY_OR_ACCOUNTING_UNREACHED,0,0,0
q5_m256_w32_r1_base,q5_m256_w32_r1,103545,256,32,1000,False,EXPAND4_s100001,False,True,5038.613679,941.175766,1148.9907949999997,8286.618450000002,5038.7285780795,942.004427845,,,,,CAPABILITY_OR_ACCOUNTING_UNREACHED,0,0,0
q5_m256_w32_r1_base,q5_m256_w32_r1,103545,256,32,1000,False,EXPAND4_s100002,False,True,5038.613679,925.22043,1148.9907949999997,8342.977188,5038.7285780795,926.0547277187999,,,,,CAPABILITY_OR_ACCOUNTING_UNREACHED,0,0,0
q5_m256_w32_r1_surface,q5_m256_w32_r1,103545,256,32,1000,True,EXPAND4_s100001,False,True,5038.356422,1044.422328,1148.9907949999997,8286.618450000002,5038.4713210795,1045.2509898450003,,,,,CAPABILITY_OR_ACCOUNTING_UNREACHED,0,0,0
q5_m256_w32_r1_surface,q5_m256_w32_r1,103545,256,32,1000,True,EXPAND4_s100002,False,True,5038.356422,1078.16435,1148.9907949999997,8342.977188,5038.4713210795,1078.9986477188,,,,,CAPABILITY_OR_ACCOUNTING_UNREACHED,0,0,0
q5_m256_w32_r2_base,q5_m256_w32_r2,103546,256,32,1,False,EXPAND4_s100001,False,True,5039.494049,753.217257,1148.9907949999997,8286.618450000002,5039.6089480795,754.045918845,,,,,CAPABILITY_OR_ACCOUNTING_UNREACHED,0,0,0
q5_m256_w32_r2_base,q5_m256_w32_r2,103546,256,32,1,False,EXPAND4_s100002,False,True,5039.494049,740.159597,1148.9907949999997,8342.977188,5039.6089480795,740.9938947187999,,,,,CAPABILITY_OR_ACCOUNTING_UNREACHED,0,0,0
q5_m256_w32_r2_surface,q5_m256_w32_r2,103546,256,32,1,True,EXPAND4_s100001,False,True,5038.055075,769.078217,1148.9907949999997,8286.618450000002,5038.1699740795,769.9068788449999,,,,,CAPABILITY_OR_ACCOUNTING_UNREACHED,0,0,0
q5_m256_w32_r2_surface,q5_m256_w32_r2,103546,256,32,1,True,EXPAND4_s100002,False,True,5038.055075,741.367374,1148.9907949999997,8342.977188,5038.1699740795,742.2016717188,,,,,CAPABILITY_OR_ACCOUNTING_UNREACHED,0,0,0
q5_m256_w32_r3_base,q5_m256_w32_r3,103547,256,32,1000,False,EXPAND4_s100001,False,True,5036.680632,1016.347853,1148.9907949999997,8286.618450000002,5036.7955310795,1017.1765148449999,,,,,CAPABILITY_OR_ACCOUNTING_UNREACHED,0,0,0
q5_m256_w32_r3_base,q5_m256_w32_r3,103547,256,32,1000,False,EXPAND4_s100002,False,True,5036.680632,924.612948,1148.9907949999997,8342.977188,5036.7955310795,925.4472457187999,,,,,CAPABILITY_OR_ACCOUNTING_UNREACHED,0,0,0
q5_m256_w32_r3_surface,q5_m256_w32_r3,103547,256,32,1000,True,EXPAND4_s100001,False,True,5041.592684,1157.500247,1148.9907949999997,8286.618450000002,5041.7075830795,1158.3289088450001,,,,,CAPABILITY_OR_ACCOUNTING_UNREACHED,0,0,0
q5_m256_w32_r3_surface,q5_m256_w32_r3,103547,256,32,1000,True,EXPAND4_s100002,False,True,5041.592684,1094.406429,1148.9907949999997,8342.977188,5041.7075830795,1095.2407267187998,,,,,CAPABILITY_OR_ACCOUNTING_UNREACHED,0,0,0
q5_m32_w16_r0_base,q5_m32_w16_r0,103504,32,16,1,False,EXPAND4_s100001,True,True,13.47574,7.31625,1148.990795,8286.618450000002,13.5906390795,8.144911845,5.445727234500001,0.5993030789321535,6.15949,1159,COMPARABLE,0,0,0
q5_m32_w16_r0_base,q5_m32_w16_r0,103504,32,16,1,False,EXPAND4_s100002,True,True,13.47574,7.524294,1148.990795,8342.977188,13.5906390795,8.358591718800001,5.232047360699999,0.6150256562554168,5.951446,1209,COMPARABLE,0,0,0
q5_m32_w16_r0_surface,q5_m32_w16_r0,103504,32,16,1,True,EXPAND4_s100001,True,True,13.210609,7.195667,1148.990795,8286.618450000002,13.3255080795,8.024328845,5.301179234500001,0.6021780780985492,6.014942,1187,COMPARABLE,0,0,0
q5_m32_w16_r0_surface,q5_m32_w16_r0,103504,32,16,1,True,EXPAND4_s100002,True,True,13.210609,7.451484,1148.990795,8342.977188,13.3255080795,8.285781718800001,5.0397263607,0.6217985587766721,5.759125,1250,COMPARABLE,0,0,0
q5_m32_w16_r1_base,q5_m32_w16_r1,103505,32,16,1000,False,EXPAND4_s100001,True,True,14.987134,7.624546,1148.990795,8286.618450000002,15.1020330795,8.453207844999998,6.648825234500002,0.5597397251416872,7.362588,970,COMPARABLE,0,0,0
q5_m32_w16_r1_base,q5_m32_w16_r1,103505,32,16,1000,False,EXPAND4_s100002,True,True,14.987134,7.69398,1148.990795,8342.977188,15.1020330795,8.5282777188,6.5737553607,0.5647105706831331,7.2931539999999995,987,COMPARABLE,0,0,0
q5_m32_w16_r1_surface,q5_m32_w16_r1,103505,32,16,1000,True,EXPAND4_s100001,True,True,14.798602,7.771077,1148.990795,8286.618450000002,14.913501079500001,8.599738845000001,6.3137622345,0.5766411789664295,7.027525000000001,1016,COMPARABLE,0,0,0
q5_m32_w16_r1_surface,q5_m32_w16_r1,103505,32,16,1000,True,EXPAND4_s100002,True,True,14.798602,7.65399,1148.990795,8342.977188,14.913501079500001,8.4882877188,6.425213360700001,0.5691680091449448,7.144612,1007,COMPARABLE,0,0,0
q5_m32_w16_r2_base,q5_m32_w16_r2,103506,32,16,1,False,EXPAND4_s100001,True,True,14.406917,7.470533,1148.990795,8286.618450000002,14.5218160795,8.299194844999999,6.222621234500002,0.5714984131162297,6.936384,1030,COMPARABLE,0,0,0
q5_m32_w16_r2_base,q5_m32_w16_r2,103506,32,16,1,False,EXPAND4_s100002,True,True,14.406917,7.358183,1148.990795,8342.977188,14.5218160795,8.1924807188,6.3293353607,0.5641498745026163,7.048734,1021,COMPARABLE,0,0,0
q5_m32_w16_r2_surface,q5_m32_w16_r2,103506,32,16,1,True,EXPAND4_s100001,True,True,14.856247,7.557395,1148.990795,8286.618450000002,14.9711460795,8.386056844999999,6.585089234500002,0.5601479539688035,7.298852,978,COMPARABLE,0,0,0
q5_m32_w16_r2_surface,q5_m32_w16_r2,103506,32,16,1,True,EXPAND4_s100002,True,True,14.856247,7.573117,1148.990795,8342.977188,14.9711460795,8.4074147188,6.5637313607,0.5615745564270647,7.28313,988,COMPARABLE,0,0,0
q5_m32_w16_r3_base,q5_m32_w16_r3,103507,32,16,1000,False,EXPAND4_s100001,True,True,15.614844,7.761171,1148.990795,8286.618450000002,15.7297430795,8.589832845,7.1399102345,0.546088566201365,7.853673,909,COMPARABLE,0,0,0
q5_m32_w16_r3_base,q5_m32_w16_r3,103507,32,16,1000,False,EXPAND4_s100002,True,True,15.614844,7.502591,1148.990795,8342.977188,15.7297430795,8.336888718800001,7.3928543606999995,0.5300079395235109,8.112252999999999,887,COMPARABLE,0,0,0
q5_m32_w16_r3_surface,q5_m32_w16_r3,103507,32,16,1000,True,EXPAND4_s100001,True,True,16.88977,7.825119,1148.990795,8286.618450000002,17.004669079499998,8.653780845,8.350888234499998,0.5089061600988506,9.064650999999998,788,COMPARABLE,0,0,0
q5_m32_w16_r3_surface,q5_m32_w16_r3,103507,32,16,1000,True,EXPAND4_s100002,True,True,16.88977,7.788142,1148.990795,8342.977188,17.004669079499998,8.6224397188,8.382229360699997,0.5070630706477431,9.101627999999998,791,COMPARABLE,0,0,0
q5_m32_w1_r0_base,q5_m32_w1_r0,103500,32,1,1,False,EXPAND4_s100001,True,True,2.925332,4.223654,1148.990795,8286.618450000002,3.0402310795,5.052315845,-2.0120847655,1.6618196817562005,-1.2983219999999998,,COMPARABLE,0,0,0
q5_m32_w1_r0_base,q5_m32_w1_r0,103500,32,1,1,False,EXPAND4_s100002,True,True,2.925332,4.04172,1148.990795,8342.977188,3.0402310795,4.8760177188,-1.8357866393000002,1.6038312849567724,-1.1163879999999997,,COMPARABLE,0,0,0
q5_m32_w1_r0_surface,q5_m32_w1_r0,103500,32,1,1,True,EXPAND4_s100001,True,True,2.897861,3.602516,1148.990795,8286.618450000002,3.0127600794999996,4.431177845000001,-1.418417765500001,1.4708034254541114,-0.7046550000000003,,COMPARABLE,0,0,0
q5_m32_w1_r0_surface,q5_m32_w1_r0,103500,32,1,1,True,EXPAND4_s100002,True,True,2.897861,4.138004,1148.990795,8342.977188,3.0127600794999996,4.9723017188,-1.9595416393000002,1.65041410122017,-1.2401429999999998,,COMPARABLE,0,0,0
q5_m32_w1_r1_base,q5_m32_w1_r1,103501,32,1,1000,False,EXPAND4_s100001,True,True,3.210895,4.376285,1148.990795,8286.618450000002,3.3257940794999996,5.204946845,-1.8791527655000007,1.5650237869755643,-1.1653900000000004,,COMPARABLE,0,0,0
q5_m32_w1_r1_base,q5_m32_w1_r1,103501,32,1,1000,False,EXPAND4_s100002,True,True,3.210895,4.335534,1148.990795,8342.977188,3.3257940794999996,5.1698317188,-1.8440376393000006,1.5544653683361038,-1.1246390000000002,,COMPARABLE,0,0,0
q5_m32_w1_r1_surface,q5_m32_w1_r1,103501,32,1,1000,True,EXPAND4_s100001,True,True,3.027646,4.243975,1148.990795,8286.618450000002,3.1425450794999996,5.072636845,-1.9300917655000003,1.6141810910178227,-1.216329,,COMPARABLE,0,0,0
q5_m32_w1_r1_surface,q5_m32_w1_r1,103501,32,1,1000,True,EXPAND4_s100002,True,True,3.027646,4.272007,1148.990795,8342.977188,3.1425450794999996,5.106304718800001,-1.963759639300001,1.6248946600990204,-1.2443610000000005,,COMPARABLE,0,0,0
q5_m32_w1_r2_base,q5_m32_w1_r2,103502,32,1,1,False,EXPAND4_s100001,True,True,3.081208,3.96251,1148.990795,8286.618450000002,3.1961070795,4.791171845,-1.5950647655,1.4990648704265355,-0.8813019999999998,,COMPARABLE,0,0,0
q5_m32_w1_r2_base,q5_m32_w1_r2,103502,32,1,1,False,EXPAND4_s100002,True,True,3.081208,4.012576,1148.990795,8342.977188,3.1961070795,4.8468737188,-1.6507666393000004,1.516492907852839,-0.931368,,COMPARABLE,0,0,0
q5_m32_w1_r2_surface,q5_m32_w1_r2,103502,32,1,1,True,EXPAND4_s100001,True,True,2.941987,3.764811,1148.990795,8286.618450000002,3.0568860795,4.593472845,-1.5365867655,1.5026640592871987,-0.8228239999999998,,COMPARABLE,0,0,0
q5_m32_w1_r2_surface,q5_m32_w1_r2,103502,32,1,1,True,EXPAND4_s100002,True,True,2.941987,4.124965,1148.990795,8342.977188,3.0568860795,4.959262718800001,-1.9023766393000008,1.622325003230465,-1.1829780000000003,,COMPARABLE,0,0,0
q5_m32_w1_r3_base,q5_m32_w1_r3,103503,32,1,1000,False,EXPAND4_s100001,True,True,3.007377,4.329684,1148.990795,8286.618450000002,3.1222760794999997,5.158345845,-2.0360697655000006,1.6521107402603732,-1.3223070000000003,,COMPARABLE,0,0,0
q5_m32_w1_r3_base,q5_m32_w1_r3,103503,32,1,1000,False,EXPAND4_s100002,True,True,3.007377,4.086868,1148.990795,8342.977188,3.1222760794999997,4.9211657188,-1.7988896393000005,1.5761468856360947,-1.079491,,COMPARABLE,0,0,0
q5_m32_w1_r3_surface,q5_m32_w1_r3,103503,32,1,1000,True,EXPAND4_s100001,True,True,2.865572,4.056572,1148.990795,8286.618450000002,2.9804710794999996,4.885233845,-1.9047627655000006,1.639081109896071,-1.1910000000000003,,COMPARABLE,0,0,0
q5_m32_w1_r3_surface,q5_m32_w1_r3,103503,32,1,1000,True,EXPAND4_s100002,True,True,2.865572,4.173609,1148.990795,8342.977188,2.9804710794999996,5.0079067188,-2.0274356393000006,1.6802399973765627,-1.3080370000000001,,COMPARABLE,0,0,0
q5_m32_w32_r0_base,q5_m32_w32_r0,103508,32,32,1,False,EXPAND4_s100001,True,True,28.91393,9.971944,1148.990795,8286.618450000002,29.0288290795,10.800605845,18.2282232345,0.37206481237740757,18.941986,377,COMPARABLE,0,0,0
q5_m32_w32_r0_base,q5_m32_w32_r0,103508,32,32,1,False,EXPAND4_s100002,True,True,28.91393,9.800605,1148.990795,8342.977188,29.0288290795,10.6349027188,18.3939263607,0.36635658605707627,19.113325000000003,377,COMPARABLE,0,0,0
q5_m32_w32_r0_surface,q5_m32_w32_r0,103508,32,32,1,True,EXPAND4_s100001,True,True,29.115083,9.921118,1148.990795,8286.618450000002,29.229982079499997,10.749779844999999,18.4802022345,0.3677655297824898,19.193965,372,COMPARABLE,0,0,0
q5_m32_w32_r0_surface,q5_m32_w32_r0,103508,32,32,1,True,EXPAND4_s100002,True,True,29.115083,9.941418,1148.990795,8342.977188,29.229982079499997,10.7757157188,18.454266360699997,0.3686528335697265,19.173665,376,COMPARABLE,0,0,0
q5_m32_w32_r1_base,q5_m32_w32_r1,103509,32,32,1000,False,EXPAND4_s100001,True,True,31.258724,15.573061,1148.990795,8286.618450000002,31.3736230795,16.401722845,14.971900234500001,0.5227870177262738,15.685663000000002,456,COMPARABLE,3,3,0
q5_m32_w32_r1_base,q5_m32_w32_r1,103509,32,32,1000,False,EXPAND4_s100002,True,True,31.258724,15.05653,1148.990795,8342.977188,31.3736230795,15.8908277188,15.482795360699999,0.5065027930798119,16.202194,445,COMPARABLE,3,3,0
q5_m32_w32_r1_surface,q5_m32_w32_r1,103509,32,32,1000,True,EXPAND4_s100001,True,True,28.48531,15.114949,1148.990795,8286.618450000002,28.600209079499997,15.943610844999998,12.656598234499999,0.5574648353332504,13.370360999999999,534,COMPARABLE,3,3,0
q5_m32_w32_r1_surface,q5_m32_w32_r1,103509,32,32,1000,True,EXPAND4_s100002,True,True,28.48531,15.568013,1148.990795,8342.977188,28.600209079499997,16.4023107188,12.197898360699998,0.5735031752112895,12.917296999999998,557,COMPARABLE,3,3,0
q5_m32_w32_r2_base,q5_m32_w32_r2,103510,32,32,1,False,EXPAND4_s100001,True,True,27.834368,9.321471,1148.990795,8286.618450000002,27.9492670795,10.150132845000002,17.7991342345,0.36316275543571724,18.512897000000002,386,COMPARABLE,0,0,0
q5_m32_w32_r2_base,q5_m32_w32_r2,103510,32,32,1,False,EXPAND4_s100002,True,True,27.834368,9.987137,1148.990795,8342.977188,27.9492670795,10.8214347188,17.127832360699998,0.38718134139328536,17.847231,404,COMPARABLE,0,0,0
q5_m32_w32_r2_surface,q5_m32_w32_r2,103510,32,32,1,True,EXPAND4_s100001,True,True,27.692461,9.827675,1148.990795,8286.618450000002,27.8073600795,10.656336844999998,17.151023234500002,0.38322001133994765,17.864786000000002,400,COMPARABLE,0,0,0
q5_m32_w32_r2_surface,q5_m32_w32_r2,103510,32,32,1,True,EXPAND4_s100002,True,True,27.692461,9.79621,1148.990795,8342.977188,27.8073600795,10.6305077188,17.1768523607,0.3822911519974515,17.896251,402,COMPARABLE,0,0,0
q5_m32_w32_r3_base,q5_m32_w32_r3,103511,32,32,1000,False,EXPAND4_s100001,True,True,29.534666,15.012514,1148.990795,8286.618450000002,29.6495650795,15.841175844999999,13.808389234500002,0.5342802095924416,14.522152000000002,492,COMPARABLE,3,3,0
q5_m32_w32_r3_base,q5_m32_w32_r3,103511,32,32,1000,False,EXPAND4_s100002,True,True,29.534666,15.6324,1148.990795,8342.977188,29.6495650795,16.4666977188,13.182867360700001,0.5553773782059702,13.902266000000001,518,COMPARABLE,3,3,0
q5_m32_w32_r3_surface,q5_m32_w32_r3,103511,32,32,1000,True,EXPAND4_s100001,True,True,27.739392,15.331586,1148.990795,8286.618450000002,27.854291079499998,16.160247844999997,11.6940432345,0.5801708540661263,12.407805999999999,576,COMPARABLE,3,3,0
q5_m32_w32_r3_surface,q5_m32_w32_r3,103511,32,32,1000,True,EXPAND4_s100002,True,True,27.739392,15.180828,1148.990795,8342.977188,27.854291079499998,16.0151257188,11.839165360699997,0.5749608084833542,12.558563999999999,573,COMPARABLE,3,3,0
q5_m64_w16_r0_base,q5_m64_w16_r0,103516,64,16,1,False,EXPAND4_s100001,True,True,61.884054,19.846172,1148.990795,8286.618450000002,61.9989530795,20.674833845,41.3241192345,0.33347069294039655,42.037881999999996,170,COMPARABLE,0,0,0
q5_m64_w16_r0_base,q5_m64_w16_r0,103516,64,16,1,False,EXPAND4_s100002,True,True,61.884054,20.004019,1148.990795,8342.977188,61.9989530795,20.8383167188,41.160636360699996,0.3361075580111724,41.880035,172,COMPARABLE,0,0,0
q5_m64_w16_r0_surface,q5_m64_w16_r0,103516,64,16,1,True,EXPAND4_s100001,True,True,70.635716,20.333437,1148.990795,8286.618450000002,70.75061507950001,21.162098845,49.588516234500005,0.29910833737941195,50.302279,142,COMPARABLE,0,0,0
q5_m64_w16_r0_surface,q5_m64_w16_r0,103516,64,16,1,True,EXPAND4_s100002,True,True,70.635716,20.05119,1148.990795,8342.977188,70.75061507950001,20.8854877188,49.86512736070001,0.2951986734720497,50.584526000000004,143,COMPARABLE,0,0,0
q5_m64_w16_r1_base,q5_m64_w16_r1,103517,64,16,1000,False,EXPAND4_s100001,True,True,75.418725,21.87154,1148.990795,8286.618450000002,75.5336240795,22.700201845,52.833422234500006,0.3005310829665445,53.547185,134,COMPARABLE,0,0,0
q5_m64_w16_r1_base,q5_m64_w16_r1,103517,64,16,1000,False,EXPAND4_s100002,True,True,75.418725,21.555814,1148.990795,8342.977188,75.5336240795,22.390111718800004,53.1435123607,0.29642575729233056,53.862911,134,COMPARABLE,0,0,0
q5_m64_w16_r1_surface,q5_m64_w16_r1,103517,64,16,1000,True,EXPAND4_s100001,True,True,76.935859,21.855048,1148.990795,8286.618450000002,77.0507580795,22.683709845,54.367048234500004,0.294399567381222,55.080811,130,COMPARABLE,0,0,0
q5_m64_w16_r1_surface,q5_m64_w16_r1,103517,64,16,1000,True,EXPAND4_s100002,True,True,76.935859,22.375764,1148.990795,8342.977188,77.0507580795,23.210061718800002,53.840696360699994,0.30123080287999443,54.56009499999999,132,COMPARABLE,0,0,0
q5_m64_w16_r2_base,q5_m64_w16_r2,103518,64,16,1,False,EXPAND4_s100001,True,True,60.314278,39.75559,1148.990795,8286.618450000002,60.4291770795,40.584251845,19.844925234500003,0.6716002733515265,20.558688000000004,348,COMPARABLE,3,3,0
q5_m64_w16_r2_base,q5_m64_w16_r2,103518,64,16,1,False,EXPAND4_s100002,True,True,60.314278,39.026564,1148.990795,8342.977188,60.4291770795,39.8608617188,20.568315360699998,0.6596293983345076,21.287714,338,COMPARABLE,3,3,0
q5_m64_w16_r2_surface,q5_m64_w16_r2,103518,64,16,1,True,EXPAND4_s100001,True,True,67.830275,37.244557,1148.990795,8286.618450000002,67.9451740795,38.073218845,29.871955234500007,0.5603520685729939,30.585718,234,COMPARABLE,3,3,0
q5_m64_w16_r2_surface,q5_m64_w16_r2,103518,64,16,1,True,EXPAND4_s100002,True,True,67.830275,37.632449,1148.990795,8342.977188,67.9451740795,38.4667467188,29.478427360700003,0.5661439129406242,30.197826,239,COMPARABLE,3,3,0
q5_m64_w16_r3_base,q5_m64_w16_r3,103519,64,16,1000,False,EXPAND4_s100001,True,True,66.828786,22.067137,1148.990795,8286.618450000002,66.9436850795,22.895798844999998,44.0478862345,0.3420158125118111,44.76164899999999,160,COMPARABLE,0,0,0
q5_m64_w16_r3_base,q5_m64_w16_r3,103519,64,16,1000,False,EXPAND4_s100002,True,True,66.828786,20.932054,1148.990795,8342.977188,66.9436850795,21.766351718800003,45.1773333607,0.32514421177966285,45.89673199999999,157,COMPARABLE,0,0,0
q5_m64_w16_r3_surface,q5_m64_w16_r3,103519,64,16,1000,True,EXPAND4_s100001,True,True,78.413904,22.302953,1148.990795,8286.618450000002,78.52880307950001,23.131614844999998,55.39718823450001,0.29456217257739564,56.110951,128,COMPARABLE,0,0,0
q5_m64_w16_r3_surface,q5_m64_w16_r3,103519,64,16,1000,True,EXPAND4_s100002,True,True,78.413904,22.647166,1148.990795,8342.977188,78.52880307950001,23.4814637188,55.04733936070001,0.2990172114940824,55.766738000000004,130,COMPARABLE,0,0,0
q5_m64_w1_r0_base,q5_m64_w1_r0,103512,64,1,1,False,EXPAND4_s100001,True,True,5.842481,7.146152,1148.990795,8286.618450000002,5.9573800795,7.974813845,-2.0174337655,1.338644460917008,-1.3036709999999996,,COMPARABLE,0,0,0
q5_m64_w1_r0_base,q5_m64_w1_r0,103512,64,1,1,False,EXPAND4_s100002,True,True,5.842481,7.097679,1148.990795,8342.977188,5.9573800795,7.9319767188000005,-1.9745966393000005,1.3314538627633992,-1.255198,,COMPARABLE,0,0,0
q5_m64_w1_r0_surface,q5_m64_w1_r0,103512,64,1,1,True,EXPAND4_s100001,True,True,5.811735,7.305195,1148.990795,8286.618450000002,5.926634079499999,8.133856845,-2.207222765500001,1.372424336628897,-1.4934600000000007,,COMPARABLE,0,0,0
q5_m64_w1_r0_surface,q5_m64_w1_r0,103512,64,1,1,True,EXPAND4_s100002,True,True,5.811735,6.952881,1148.990795,8342.977188,5.926634079499999,7.7871787188,-1.8605446393000005,1.3139293930319662,-1.141146,,COMPARABLE,0,0,0
q5_m64_w1_r1_base,q5_m64_w1_r1,103513,64,1,1000,False,EXPAND4_s100001,True,True,6.353875,7.732198,1148.990795,8286.618450000002,6.4687740795,8.560859845,-2.0920857654999994,1.3234130207344799,-1.378323,,COMPARABLE,0,0,0
q5_m64_w1_r1_base,q5_m64_w1_r1,103513,64,1,1000,False,EXPAND4_s100002,True,True,6.353875,7.647882,1148.990795,8342.977188,6.4687740795,8.482179718800001,-2.013405639300001,1.3112499547140817,-1.2940069999999997,,COMPARABLE,0,0,0
q5_m64_w1_r1_surface,q5_m64_w1_r1,103513,64,1,1000,True,EXPAND4_s100001,True,True,6.843004,8.325424,1148.990795,8286.618450000002,6.957903079499999,9.154085845,-2.1961827655000015,1.3156385969173088,-1.4824200000000003,,COMPARABLE,0,0,0
q5_m64_w1_r1_surface,q5_m64_w1_r1,103513,64,1,1000,True,EXPAND4_s100002,True,True,6.843004,8.107396,1148.990795,8342.977188,6.957903079499999,8.9416937188,-1.9837906393000004,1.2851132901153544,-1.264392,,COMPARABLE,0,0,0
q5_m64_w1_r2_base,q5_m64_w1_r2,103514,64,1,1,False,EXPAND4_s100001,True,True,5.850514,7.41593,1148.990795,8286.618450000002,5.9654130795,8.244591845,-2.2791787655,1.3820655393223888,-1.565416,,COMPARABLE,0,0,0
q5_m64_w1_r2_base,q5_m64_w1_r2,103514,64,1,1,False,EXPAND4_s100002,True,True,5.850514,7.080324,1148.990795,8342.977188,5.9654130795,7.9146217188,-1.9492086393,1.3267516621771607,-1.2298099999999996,,COMPARABLE,0,0,0
q5_m64_w1_r2_surface,q5_m64_w1_r2,103514,64,1,1,True,EXPAND4_s100001,True,True,5.598202,7.184189,1148.990795,8286.618450000002,5.7131010794999995,8.012850844999999,-2.2997497654999997,1.4025396598971551,-1.5859870000000003,,COMPARABLE,0,0,0
q5_m64_w1_r2_surface,q5_m64_w1_r2,103514,64,1,1,True,EXPAND4_s100002,True,True,5.598202,6.996926,1148.990795,8342.977188,5.7131010794999995,7.8312237188000005,-2.118122639300001,1.3707483221153467,-1.3987240000000005,,COMPARABLE,0,0,0
q5_m64_w1_r3_base,q5_m64_w1_r3,103515,64,1,1000,False,EXPAND4_s100001,True,True,6.195034,7.6327,1148.990795,8286.618450000002,6.3099330794999995,8.461361844999999,-2.1514287654999995,1.3409590463787422,-1.437666,,COMPARABLE,0,0,0
q5_m64_w1_r3_base,q5_m64_w1_r3,103515,64,1,1000,False,EXPAND4_s100002,True,True,6.195034,7.449381,1148.990795,8342.977188,6.3099330794999995,8.283678718800001,-1.9737456393000015,1.3127997736952863,-1.254347,,COMPARABLE,0,0,0
q5_m64_w1_r3_surface,q5_m64_w1_r3,103515,64,1,1000,True,EXPAND4_s100001,True,True,6.238109,7.68701,1148.990795,8286.618450000002,6.3530080794999995,8.515671845,-2.1626637655000005,1.3404157114924067,-1.4489010000000002,,COMPARABLE,0,0,0
q5_m64_w1_r3_surface,q5_m64_w1_r3,103515,64,1,1000,True,EXPAND4_s100002,True,True,6.238109,7.900603,1148.990795,8342.977188,6.3530080794999995,8.7349007188,-2.381892639300001,1.3749235967424527,-1.6624940000000006,,COMPARABLE,0,0,0
q5_m64_w32_r0_base,q5_m64_w32_r0,103520,64,32,1,False,EXPAND4_s100001,True,True,126.084046,28.403646,1148.990795,8286.618450000002,126.1989450795,29.232307844999998,96.96663723450001,0.23163670525601365,97.6804,74,COMPARABLE,0,0,0
q5_m64_w32_r0_base,q5_m64_w32_r0,103520,64,32,1,False,EXPAND4_s100002,True,True,126.084046,27.512749,1148.990795,8342.977188,126.1989450795,28.3470467188,97.8518983607,0.22462189918420125,98.571297,73,COMPARABLE,0,0,0
q5_m64_w32_r0_surface,q5_m64_w32_r0,103520,64,32,1,True,EXPAND4_s100001,True,True,134.133363,28.04396,1148.990795,8286.618450000002,134.2482620795,28.872621844999998,105.3756402345,0.21506886865993113,106.089403,68,COMPARABLE,0,0,0
q5_m64_w32_r0_surface,q5_m64_w32_r0,103520,64,32,1,True,EXPAND4_s100002,True,True,134.133363,28.794998,1148.990795,8342.977188,134.2482620795,29.6292957188,104.6189663607,0.22070524608544978,105.33836500000001,69,COMPARABLE,0,0,0
q5_m64_w32_r1_base,q5_m64_w32_r1,103521,64,32,1000,False,EXPAND4_s100001,True,True,154.105662,29.350717,1148.990795,8286.618450000002,154.2205610795,30.179378845,124.04118223449998,0.19568972278244187,124.75494499999999,58,COMPARABLE,0,0,0
q5_m64_w32_r1_base,q5_m64_w32_r1,103521,64,32,1000,False,EXPAND4_s100002,True,True,154.105662,30.495517,1148.990795,8342.977188,154.2205610795,31.3298147188,122.89074636069998,0.20314940173670895,123.61014499999999,59,COMPARABLE,0,0,0
q5_m64_w32_r1_surface,q5_m64_w32_r1,103521,64,32,1000,True,EXPAND4_s100001,True,True,171.970079,31.813839,1148.990795,8286.618450000002,172.0849780795,32.642500845,139.4424772345,0.18968826453823173,140.15624,51,COMPARABLE,0,0,0
q5_m64_w32_r1_surface,q5_m64_w32_r1,103521,64,32,1000,True,EXPAND4_s100002,True,True,171.970079,30.167754,1148.990795,8342.977188,172.0849780795,31.0020517188,141.0829263607,0.18015547937297374,141.802325,51,COMPARABLE,0,0,0
q5_m64_w32_r2_base,q5_m64_w32_r2,103522,64,32,1,False,EXPAND4_s100001,True,True,129.501298,29.002279,1148.990795,8286.618450000002,129.61619707949998,29.830940845,99.78525623449998,0.23014824934805964,100.49901899999999,72,COMPARABLE,0,0,0
q5_m64_w32_r2_base,q5_m64_w32_r2,103522,64,32,1,False,EXPAND4_s100002,True,True,129.501298,28.771103,1148.990795,8342.977188,129.61619707949998,29.605400718800002,100.01079636069998,0.22840818806496502,100.730195,72,COMPARABLE,0,0,0
q5_m64_w32_r2_surface,q5_m64_w32_r2,103522,64,32,1,True,EXPAND4_s100001,True,True,145.886227,29.161361,1148.990795,8286.618450000002,146.00112607949998,29.990022845,116.01110323449998,0.20540953107902704,116.72486599999999,62,COMPARABLE,0,0,0
q5_m64_w32_r2_surface,q5_m64_w32_r2,103522,64,32,1,True,EXPAND4_s100002,True,True,145.886227,28.597078,1148.990795,8342.977188,146.00112607949998,29.431375718800002,116.56975036069998,0.20158321041150148,117.289149,62,COMPARABLE,0,0,0
q5_m64_w32_r3_base,q5_m64_w32_r3,103523,64,32,1000,False,EXPAND4_s100001,True,True,150.87533,30.543989,1148.990795,8286.618450000002,150.99022907949998,31.372650845,119.61757823449999,0.20777934463879477,120.331341,60,COMPARABLE,0,0,0
q5_m64_w32_r3_base,q5_m64_w32_r3,103523,64,32,1000,False,EXPAND4_s100002,True,True,150.87533,31.172231,1148.990795,8342.977188,150.99022907949998,32.0065287188,118.98370036069998,0.21197748300618705,119.703099,61,COMPARABLE,0,0,0
q5_m64_w32_r3_surface,q5_m64_w32_r3,103523,64,32,1000,True,EXPAND4_s100001,True,True,169.926324,30.117329,1148.990795,8286.618450000002,170.04122307949999,30.945990845,139.09523223449997,0.1819911094766221,139.80899499999998,52,COMPARABLE,0,0,0
q5_m64_w32_r3_surface,q5_m64_w32_r3,103523,64,32,1000,True,EXPAND4_s100002,True,True,169.926324,31.29817,1148.990795,8342.977188,170.04122307949999,32.1324677188,137.90875536069998,0.1889686932196259,138.628154,52,COMPARABLE,0,0,0
