case_id,route,rows,columns,optimal_nonzero_support_size,selected_size,support_factor,retained_native_optimum_support_covered,support_overlap,restricted_native_accepted,original_accepted,primal_objective_matches_native,primal_objective_gap,original_dual_violation_ratio,original_objective_gap_ratio,rejected_axes,attempt_ms_historical,fallback_used,proposal_ms_historical,total_ms_historical
m106_bp_k64_r2,EXPAND4_s100002,128,2048,16,256,2,False,13,True,False,False,3.4275374581195113,32291390.009371165,9.178273614741286e-06,dual_feasibility,44.828056,True,3.610679,401.171791
m106_bp_k64_r2,EXPAND4_s100002,128,2048,16,512,4,False,13,True,False,False,1.4352847410485072,38524186.07798208,0.00037191572974547006,dual_feasibility,80.763693,True,3.610679,401.171791
m106_bp_k8_r3,EXPAND4_s100001,16,256,2,32,2,False,1,True,False,False,0.32885954681406404,26122524.462900557,1.3411685803359546e-08,dual_feasibility,1.585992,True,0.88652,8.533762
m106_bp_k8_r3,EXPAND4_s100001,16,256,2,64,4,False,1,True,False,False,0.15098744132441122,12973365.368268548,4.2030722863695725e-08,dual_feasibility,1.525449,True,0.88652,8.533762
m106_bp_k16_r0,EXPAND4_s100001,32,512,4,128,4,False,3,True,False,False,0.3664433073416542,30368067.541567203,1.1982471192829222e-07,dual_feasibility,3.617423,True,0.903982,18.511882
m106_bp_k16_r3,EXPAND4_s100002,32,512,4,64,2,True,4,True,False,True,8.881784197001252e-16,536802.2602797662,1.2628833576490592e-08,dual_feasibility,2.265596,True,0.907358,18.057545
m106_bp_k16_r3,EXPAND4_s100002,32,512,4,128,4,True,4,True,False,True,8.881784197001252e-16,4860198.342588322,1.2820679545963174e-08,dual_feasibility,2.949849,True,0.907358,18.057545
m106_bp_k8_r2,EXPAND4_s100002,16,256,2,32,2,False,1,True,False,False,0.5074653141335772,83670289.4230902,8.476100890425442e-09,dual_feasibility,1.572947,False,0.736391,5.595583
m106_bp_k8_r2,EXPAND4_s100002,16,256,2,64,4,True,2,True,True,True,4.440892098500626e-16,0.0,1.6579806137267345e-08,,1.411286,False,0.736391,5.595583
m106_bp_k64_r1,EXPAND4_s100002,128,2048,16,256,2,False,13,True,False,False,4.674442189650263,35868633.15719285,1.0030563415092364e-05,dual_feasibility,44.850508,True,3.516894,378.459302
m106_bp_k64_r1,EXPAND4_s100002,128,2048,16,512,4,False,14,True,False,False,2.010649478941321,37569080.20882025,1.3053074959378297e-07,dual_feasibility,85.877079,True,3.516894,378.459302
m106_bp_k16_r3,EXPAND4_s100001,32,512,4,64,2,True,4,True,False,True,8.881784197001252e-16,9125882.217014901,2.5910687246037477e-08,dual_feasibility,2.233306,True,0.947964,18.161569
m106_bp_k16_r3,EXPAND4_s100001,32,512,4,128,4,True,4,True,False,True,2.6645352591003757e-15,3678566.9860401223,1.9090177774065987e-08,dual_feasibility,2.95007,True,0.947964,18.161569
m106_bp_k64_r0,EXPAND4_s100001,128,2048,16,512,4,False,14,True,False,False,1.0022262362688945,42339004.78004739,1.3452881725138754e-07,dual_feasibility,88.109764,True,3.837702,407.216119
m106_bp_k32_r1,EXPAND4_s100002,64,1024,8,128,2,False,7,True,False,False,0.2802537565748455,42349560.49482016,1.406346408374695e-07,dual_feasibility,8.965676,True,1.500693,69.975947
m106_bp_k32_r1,EXPAND4_s100002,64,1024,8,256,4,True,8,True,False,True,3.2311930908690556e-12,14266762.762916435,4.9315146106010245e-08,dual_feasibility,10.597532,True,1.500693,69.975947
m106_bp_k16_r0,EXPAND4_s100002,32,512,4,128,4,False,3,True,False,False,0.3658198292983643,29369269.3206414,2.3009503519024314e-07,dual_feasibility,3.594039,True,0.923509,18.566522
m106_bp_k32_r3,EXPAND4_s100002,64,1024,8,256,4,False,7,True,False,False,0.5317153922692999,17865123.371842936,2.7314319881017697e-08,dual_feasibility,14.39494,True,1.519137,73.847172
m106_bp_k32_r1,EXPAND4_s100001,64,1024,8,128,2,False,7,True,False,False,0.2746586593693543,44341160.02289283,9.206674141919158e-08,dual_feasibility,8.428636,True,1.535157,68.690665
m106_bp_k32_r1,EXPAND4_s100001,64,1024,8,256,4,True,8,True,False,True,3.225864020350855e-12,7307194.093615047,1.0713172101809113e-07,dual_feasibility,9.981416,True,1.535157,68.690665
m106_bp_k64_r0,EXPAND4_s100002,128,2048,16,512,4,False,14,True,False,False,1.0210990596831202,44905636.70732873,1.0396428160059813e-08,dual_feasibility,88.476096,True,3.792132,411.145625
m106_bp_k16_r1,EXPAND4_s100002,32,512,4,64,2,True,4,True,False,True,4.440892098500626e-16,21687526.960604813,0.0,dual_feasibility,2.269841,True,0.937463,17.635856
m106_bp_k16_r1,EXPAND4_s100002,32,512,4,128,4,True,4,True,False,True,0.0,9871311.417354021,1.2449866010928779e-08,dual_feasibility,2.910513,True,0.937463,17.635856
m106_bp_k8_r2,EXPAND4_s100001,16,256,2,32,2,False,1,True,False,False,0.21901313536603917,33817954.34624274,3.4050437638087774e-09,dual_feasibility,1.540845,True,0.842808,8.42114
m106_bp_k8_r2,EXPAND4_s100001,16,256,2,64,4,True,2,True,False,True,8.881784197001252e-16,1439032.7888027772,0.0,dual_feasibility,1.443424,True,0.842808,8.42114
m106_bp_k8_r0,EXPAND4_s100001,16,256,2,32,2,True,2,True,False,True,3.9968028886505635e-15,3735900.259023214,7.59041089454427e-09,dual_feasibility,1.53262,True,0.783156,8.292822
m106_bp_k8_r0,EXPAND4_s100001,16,256,2,64,4,True,2,True,False,True,2.220446049250313e-15,2897719.704251056,2.249127167416057e-08,dual_feasibility,1.506992,True,0.783156,8.292822
m106_bp_k64_r1,EXPAND4_s100001,128,2048,16,256,2,False,13,True,False,False,4.663968279764534,34066808.32541333,2.852332866288962e-06,dual_feasibility,46.239992,True,3.727672,367.882655
m106_bp_k64_r1,EXPAND4_s100001,128,2048,16,512,4,False,14,True,False,False,2.047769154599914,37975092.3545552,0.0046695973338756825,dual_feasibility,77.033959,True,3.727672,367.882655
m106_bp_k64_r3,EXPAND4_s100001,128,2048,16,256,2,False,9,True,False,False,4.397515717475164,37872518.98146408,3.0302045988429757e-07,dual_feasibility,44.741905,True,3.753811,381.972327
m106_bp_k64_r3,EXPAND4_s100001,128,2048,16,512,4,False,12,True,False,False,1.3892637246892257,44000203.7918085,0.0004258171715098318,dual_feasibility,80.071548,True,3.753811,381.972327
m106_bp_k16_r2,EXPAND4_s100001,32,512,4,64,2,False,3,True,False,False,0.32309573089431476,22559018.08275438,2.550128533558301e-08,dual_feasibility,2.709349,True,0.949456,18.437198
m106_bp_k16_r2,EXPAND4_s100001,32,512,4,128,4,True,4,True,False,True,2.220446049250313e-16,594736.1663150245,5.488932025034059e-09,dual_feasibility,2.937272,True,0.949456,18.437198
m106_bp_k16_r2,EXPAND4_s100002,32,512,4,64,2,False,3,True,False,False,0.30192827547133083,23590143.128229465,0.0,dual_feasibility,2.72102,True,0.950427,18.82076
m106_bp_k16_r2,EXPAND4_s100002,32,512,4,128,4,True,4,True,False,True,2.220446049250313e-16,594736.1663150245,5.488932025034059e-09,dual_feasibility,2.934056,True,0.950427,18.82076
m106_bp_k8_r0,EXPAND4_s100002,16,256,2,32,2,True,2,True,False,True,3.9968028886505635e-15,3735900.259023214,7.59041089454427e-09,dual_feasibility,1.535746,True,0.77446,8.29728
m106_bp_k8_r0,EXPAND4_s100002,16,256,2,64,4,True,2,True,False,True,2.220446049250313e-15,2897719.704251056,2.249127167416057e-08,dual_feasibility,1.414651,True,0.77446,8.29728
m106_bp_k8_r3,EXPAND4_s100002,16,256,2,32,2,False,1,True,False,False,0.3661965795683779,27508460.867870755,2.0620474342922335e-08,dual_feasibility,1.538762,True,0.751026,8.911112
m106_bp_k8_r3,EXPAND4_s100002,16,256,2,64,4,False,1,True,False,False,0.150987441324409,12973365.368268562,1.2609216859108717e-08,dual_feasibility,1.551144,True,0.751026,8.911112
m106_bp_k32_r0,EXPAND4_s100001,64,1024,8,128,2,False,6,True,False,False,2.461855407468347,45484695.72625389,7.597553383501374e-08,dual_feasibility,8.654415,True,1.557727,73.823749
m106_bp_k32_r0,EXPAND4_s100001,64,1024,8,256,4,False,6,True,False,False,0.8041332582092302,30554146.587068155,3.251852894548113e-06,dual_feasibility,15.113346,True,1.557727,73.823749
m106_bp_k32_r2,EXPAND4_s100002,64,1024,8,128,2,False,4,True,False,False,5.286603464906867,47812429.81368742,5.653334572846082e-08,dual_feasibility,8.636835,True,1.501831,74.038713
m106_bp_k32_r2,EXPAND4_s100002,64,1024,8,256,4,False,4,True,False,False,1.624216685720202,30982585.499385078,7.172583578680544e-08,dual_feasibility,13.686653,True,1.501831,74.038713
m106_bp_k64_r3,EXPAND4_s100002,128,2048,16,256,2,False,9,True,False,False,4.856756335298526,36445651.01321425,1.171048114729248e-06,dual_feasibility,44.755026,True,3.5829,394.502593
m106_bp_k64_r3,EXPAND4_s100002,128,2048,16,512,4,False,12,True,False,False,1.3833467867981852,43607465.58183733,5.820483819984127e-08,dual_feasibility,91.037181,True,3.5829,394.502593
m106_bp_k8_r1,EXPAND4_s100002,16,256,2,32,2,True,2,True,False,True,2.220446049250313e-16,20738716.208825134,0.0,dual_feasibility,1.497063,True,0.772716,8.100178
m106_bp_k8_r1,EXPAND4_s100002,16,256,2,64,4,True,2,True,False,True,0.0,10231414.015089823,4.810236622921655e-09,dual_feasibility,1.412796,True,0.772716,8.100178
m106_bp_k8_r1,EXPAND4_s100001,16,256,2,32,2,True,2,True,False,True,2.220446049250313e-16,20738716.208825134,0.0,dual_feasibility,1.454113,False,0.765983,5.382345
m106_bp_k8_r1,EXPAND4_s100001,16,256,2,64,4,True,2,True,True,True,4.440892098500626e-16,7.156333369799608e-09,1.4423920114858144e-08,,1.44746,False,0.765983,5.382345
m106_bp_k32_r2,EXPAND4_s100001,64,1024,8,128,2,False,4,True,False,False,3.772862062192824,40904305.07213379,1.1621834030532731e-07,dual_feasibility,7.904153,True,1.562816,73.96155
m106_bp_k32_r2,EXPAND4_s100001,64,1024,8,256,4,False,4,True,False,False,1.5784534564437775,29546194.677719343,1.128242919143244e-07,dual_feasibility,14.554566,True,1.562816,73.96155
m106_bp_k16_r1,EXPAND4_s100001,32,512,4,128,4,True,4,True,False,True,0.0,5987227.979771393,1.2707094447262964e-08,dual_feasibility,3.013034,True,0.939467,17.255019
m106_bp_k32_r3,EXPAND4_s100001,64,1024,8,128,2,False,6,True,False,False,1.5843165181664505,52143578.33915,1.5622006224819036e-07,dual_feasibility,9.0174,True,1.553249,73.781645
m106_bp_k32_r3,EXPAND4_s100001,64,1024,8,256,4,False,7,True,False,False,0.533522774326495,18039529.263007004,1.037521012612886e-07,dual_feasibility,13.780318,True,1.553249,73.781645
m106_bp_k64_r2,EXPAND4_s100001,128,2048,16,256,2,False,13,True,False,False,3.1235708568843954,34237253.27468586,1.9773156436849278e-07,dual_feasibility,44.75918,True,3.610305,398.515265
m106_bp_k64_r2,EXPAND4_s100001,128,2048,16,512,4,False,13,True,False,False,1.4557342268982918,38476599.8223785,9.607457661621497e-05,dual_feasibility,78.322079,True,3.610305,398.515265
m106_bp_k32_r0,EXPAND4_s100002,64,1024,8,128,2,False,6,True,False,False,2.3356634359073496,39519643.66965235,1.1137344428335118e-07,dual_feasibility,7.71634,True,1.500621,72.073798
m106_bp_k32_r0,EXPAND4_s100002,64,1024,8,256,4,False,6,True,False,False,0.8124013101470027,30626710.731626313,1.2981762197436392e-07,dual_feasibility,14.655756,True,1.500621,72.073798
