case_id,pair_id,group,rows,columns,surface,route,missing_top2m,missing_top4m,worst_positive_support_rank,expanded,subset_accepted,original_accepted,fallback_used
fresh102_00_base,fresh102_00,m64_base,64,1024,False,CHEAP_RESIDUAL_COVERAGE_ONLY,0,0,111,,,,
fresh102_00_base,fresh102_00,m64_base,64,1024,False,EXPAND4_s100001,0,0,85,False,True,True,False
fresh102_00_base,fresh102_00,m64_base,64,1024,False,EXPAND4_s100002,0,0,86,False,True,True,False
fresh102_00_surface,fresh102_00,m64_surface,64,1024,True,CHEAP_RESIDUAL_COVERAGE_ONLY,0,0,111,,,,
fresh102_00_surface,fresh102_00,m64_surface,64,1024,True,EXPAND4_s100001,0,0,85,False,True,True,False
fresh102_00_surface,fresh102_00,m64_surface,64,1024,True,EXPAND4_s100002,0,0,86,False,True,True,False
fresh102_01_base,fresh102_01,m64_base,64,1024,False,CHEAP_RESIDUAL_COVERAGE_ONLY,2,0,165,,,,
fresh102_01_base,fresh102_01,m64_base,64,1024,False,EXPAND4_s100001,0,0,92,False,True,True,False
fresh102_01_base,fresh102_01,m64_base,64,1024,False,EXPAND4_s100002,0,0,91,False,True,True,False
fresh102_01_surface,fresh102_01,m64_surface,64,1024,True,CHEAP_RESIDUAL_COVERAGE_ONLY,2,0,165,,,,
fresh102_01_surface,fresh102_01,m64_surface,64,1024,True,EXPAND4_s100001,0,0,92,False,True,True,False
fresh102_01_surface,fresh102_01,m64_surface,64,1024,True,EXPAND4_s100002,0,0,91,False,True,True,False
fresh102_02_base,fresh102_02,m64_base,64,1024,False,CHEAP_RESIDUAL_COVERAGE_ONLY,0,0,111,,,,
fresh102_02_base,fresh102_02,m64_base,64,1024,False,EXPAND4_s100001,0,0,92,False,True,True,False
fresh102_02_base,fresh102_02,m64_base,64,1024,False,EXPAND4_s100002,0,0,93,False,True,True,False
fresh102_02_surface,fresh102_02,m64_surface,64,1024,True,CHEAP_RESIDUAL_COVERAGE_ONLY,0,0,111,,,,
fresh102_02_surface,fresh102_02,m64_surface,64,1024,True,EXPAND4_s100001,0,0,92,False,True,True,False
fresh102_02_surface,fresh102_02,m64_surface,64,1024,True,EXPAND4_s100002,0,0,93,False,True,True,False
fresh102_03_base,fresh102_03,m64_base,64,1024,False,CHEAP_RESIDUAL_COVERAGE_ONLY,1,0,144,,,,
fresh102_03_base,fresh102_03,m64_base,64,1024,False,EXPAND4_s100001,0,0,95,False,True,True,False
fresh102_03_base,fresh102_03,m64_base,64,1024,False,EXPAND4_s100002,0,0,94,False,True,True,False
fresh102_03_surface,fresh102_03,m64_surface,64,1024,True,CHEAP_RESIDUAL_COVERAGE_ONLY,1,0,144,,,,
fresh102_03_surface,fresh102_03,m64_surface,64,1024,True,EXPAND4_s100001,0,0,95,False,True,True,False
fresh102_03_surface,fresh102_03,m64_surface,64,1024,True,EXPAND4_s100002,0,0,94,False,True,True,False
fresh102_04_base,fresh102_04,m64_base,64,1024,False,CHEAP_RESIDUAL_COVERAGE_ONLY,1,0,137,,,,
fresh102_04_base,fresh102_04,m64_base,64,1024,False,EXPAND4_s100001,0,0,81,False,True,True,False
fresh102_04_base,fresh102_04,m64_base,64,1024,False,EXPAND4_s100002,0,0,79,False,True,True,False
fresh102_04_surface,fresh102_04,m64_surface,64,1024,True,CHEAP_RESIDUAL_COVERAGE_ONLY,1,0,137,,,,
fresh102_04_surface,fresh102_04,m64_surface,64,1024,True,EXPAND4_s100001,0,0,81,False,True,True,False
fresh102_04_surface,fresh102_04,m64_surface,64,1024,True,EXPAND4_s100002,0,0,79,False,True,True,False
fresh102_05_base,fresh102_05,m64_base,64,1024,False,CHEAP_RESIDUAL_COVERAGE_ONLY,0,0,103,,,,
fresh102_05_base,fresh102_05,m64_base,64,1024,False,EXPAND4_s100001,0,0,90,False,True,True,False
fresh102_05_base,fresh102_05,m64_base,64,1024,False,EXPAND4_s100002,0,0,89,False,True,True,False
fresh102_05_surface,fresh102_05,m64_surface,64,1024,True,CHEAP_RESIDUAL_COVERAGE_ONLY,0,0,103,,,,
fresh102_05_surface,fresh102_05,m64_surface,64,1024,True,EXPAND4_s100001,0,0,90,False,True,True,False
fresh102_05_surface,fresh102_05,m64_surface,64,1024,True,EXPAND4_s100002,0,0,89,False,True,True,False
fresh102_06_base,fresh102_06,m64_base,64,1024,False,CHEAP_RESIDUAL_COVERAGE_ONLY,0,0,126,,,,
fresh102_06_base,fresh102_06,m64_base,64,1024,False,EXPAND4_s100001,0,0,103,False,True,True,False
fresh102_06_base,fresh102_06,m64_base,64,1024,False,EXPAND4_s100002,0,0,102,False,True,True,False
fresh102_06_surface,fresh102_06,m64_surface,64,1024,True,CHEAP_RESIDUAL_COVERAGE_ONLY,0,0,126,,,,
fresh102_06_surface,fresh102_06,m64_surface,64,1024,True,EXPAND4_s100001,0,0,103,False,True,True,False
fresh102_06_surface,fresh102_06,m64_surface,64,1024,True,EXPAND4_s100002,0,0,102,False,True,True,False
fresh102_07_base,fresh102_07,m64_base,64,1024,False,CHEAP_RESIDUAL_COVERAGE_ONLY,0,0,97,,,,
fresh102_07_base,fresh102_07,m64_base,64,1024,False,EXPAND4_s100001,0,0,122,False,True,True,False
fresh102_07_base,fresh102_07,m64_base,64,1024,False,EXPAND4_s100002,0,0,120,False,True,True,False
fresh102_07_surface,fresh102_07,m64_surface,64,1024,True,CHEAP_RESIDUAL_COVERAGE_ONLY,0,0,97,,,,
fresh102_07_surface,fresh102_07,m64_surface,64,1024,True,EXPAND4_s100001,0,0,122,False,True,True,False
fresh102_07_surface,fresh102_07,m64_surface,64,1024,True,EXPAND4_s100002,0,0,120,False,True,True,False
fresh102_08_base,fresh102_08,m64_base,64,1024,False,CHEAP_RESIDUAL_COVERAGE_ONLY,0,0,114,,,,
fresh102_08_base,fresh102_08,m64_base,64,1024,False,EXPAND4_s100001,0,0,102,False,True,True,False
fresh102_08_base,fresh102_08,m64_base,64,1024,False,EXPAND4_s100002,0,0,102,False,True,True,False
fresh102_08_surface,fresh102_08,m64_surface,64,1024,True,CHEAP_RESIDUAL_COVERAGE_ONLY,0,0,114,,,,
fresh102_08_surface,fresh102_08,m64_surface,64,1024,True,EXPAND4_s100001,0,0,102,False,True,True,False
fresh102_08_surface,fresh102_08,m64_surface,64,1024,True,EXPAND4_s100002,0,0,102,False,True,True,False
fresh102_09_base,fresh102_09,m64_base,64,1024,False,CHEAP_RESIDUAL_COVERAGE_ONLY,2,0,161,,,,
fresh102_09_base,fresh102_09,m64_base,64,1024,False,EXPAND4_s100001,0,0,95,False,True,True,False
fresh102_09_base,fresh102_09,m64_base,64,1024,False,EXPAND4_s100002,0,0,94,False,True,True,False
fresh102_09_surface,fresh102_09,m64_surface,64,1024,True,CHEAP_RESIDUAL_COVERAGE_ONLY,2,0,161,,,,
fresh102_09_surface,fresh102_09,m64_surface,64,1024,True,EXPAND4_s100001,0,0,95,False,True,True,False
fresh102_09_surface,fresh102_09,m64_surface,64,1024,True,EXPAND4_s100002,0,0,94,False,True,True,False
fresh102_10_base,fresh102_10,m64_base,64,1024,False,CHEAP_RESIDUAL_COVERAGE_ONLY,0,0,116,,,,
fresh102_10_base,fresh102_10,m64_base,64,1024,False,EXPAND4_s100001,0,0,91,False,True,True,False
fresh102_10_base,fresh102_10,m64_base,64,1024,False,EXPAND4_s100002,0,0,93,False,True,True,False
fresh102_10_surface,fresh102_10,m64_surface,64,1024,True,CHEAP_RESIDUAL_COVERAGE_ONLY,0,0,116,,,,
fresh102_10_surface,fresh102_10,m64_surface,64,1024,True,EXPAND4_s100001,0,0,91,False,True,True,False
fresh102_10_surface,fresh102_10,m64_surface,64,1024,True,EXPAND4_s100002,0,0,93,False,True,True,False
fresh102_11_base,fresh102_11,m64_base,64,1024,False,CHEAP_RESIDUAL_COVERAGE_ONLY,6,0,237,,,,
fresh102_11_base,fresh102_11,m64_base,64,1024,False,EXPAND4_s100001,0,0,93,False,True,True,False
fresh102_11_base,fresh102_11,m64_base,64,1024,False,EXPAND4_s100002,0,0,98,False,True,True,False
fresh102_11_surface,fresh102_11,m64_surface,64,1024,True,CHEAP_RESIDUAL_COVERAGE_ONLY,6,0,237,,,,
fresh102_11_surface,fresh102_11,m64_surface,64,1024,True,EXPAND4_s100001,0,0,93,False,True,True,False
fresh102_11_surface,fresh102_11,m64_surface,64,1024,True,EXPAND4_s100002,0,0,98,False,True,True,False
fresh102_12_base,fresh102_12,m128_base,128,2048,False,CHEAP_RESIDUAL_COVERAGE_ONLY,0,0,201,,,,
fresh102_12_base,fresh102_12,m128_base,128,2048,False,EXPAND4_s100001,0,0,174,False,True,True,False
fresh102_12_base,fresh102_12,m128_base,128,2048,False,EXPAND4_s100002,0,0,177,False,True,True,False
fresh102_12_surface,fresh102_12,m128_surface,128,2048,True,CHEAP_RESIDUAL_COVERAGE_ONLY,0,0,201,,,,
fresh102_12_surface,fresh102_12,m128_surface,128,2048,True,EXPAND4_s100001,0,0,174,False,True,True,False
fresh102_12_surface,fresh102_12,m128_surface,128,2048,True,EXPAND4_s100002,0,0,177,False,True,True,False
fresh102_13_base,fresh102_13,m128_base,128,2048,False,CHEAP_RESIDUAL_COVERAGE_ONLY,3,0,314,,,,
fresh102_13_base,fresh102_13,m128_base,128,2048,False,EXPAND4_s100001,0,0,231,False,True,True,False
fresh102_13_base,fresh102_13,m128_base,128,2048,False,EXPAND4_s100002,0,0,235,False,True,True,False
fresh102_13_surface,fresh102_13,m128_surface,128,2048,True,CHEAP_RESIDUAL_COVERAGE_ONLY,3,0,314,,,,
fresh102_13_surface,fresh102_13,m128_surface,128,2048,True,EXPAND4_s100001,0,0,231,False,True,True,False
fresh102_13_surface,fresh102_13,m128_surface,128,2048,True,EXPAND4_s100002,0,0,235,False,True,True,False
fresh102_14_base,fresh102_14,m128_base,128,2048,False,CHEAP_RESIDUAL_COVERAGE_ONLY,1,0,335,,,,
fresh102_14_base,fresh102_14,m128_base,128,2048,False,EXPAND4_s100001,1,0,257,True,True,True,False
fresh102_14_base,fresh102_14,m128_base,128,2048,False,EXPAND4_s100002,1,0,268,True,True,True,False
fresh102_14_surface,fresh102_14,m128_surface,128,2048,True,CHEAP_RESIDUAL_COVERAGE_ONLY,1,0,335,,,,
fresh102_14_surface,fresh102_14,m128_surface,128,2048,True,EXPAND4_s100001,1,0,257,True,True,True,False
fresh102_14_surface,fresh102_14,m128_surface,128,2048,True,EXPAND4_s100002,1,0,268,True,True,True,False
fresh102_15_base,fresh102_15,m128_base,128,2048,False,CHEAP_RESIDUAL_COVERAGE_ONLY,0,0,196,,,,
fresh102_15_base,fresh102_15,m128_base,128,2048,False,EXPAND4_s100001,0,0,136,False,True,True,False
fresh102_15_base,fresh102_15,m128_base,128,2048,False,EXPAND4_s100002,0,0,136,False,True,True,False
fresh102_15_surface,fresh102_15,m128_surface,128,2048,True,CHEAP_RESIDUAL_COVERAGE_ONLY,0,0,196,,,,
fresh102_15_surface,fresh102_15,m128_surface,128,2048,True,EXPAND4_s100001,0,0,136,False,True,True,False
fresh102_15_surface,fresh102_15,m128_surface,128,2048,True,EXPAND4_s100002,0,0,136,False,True,True,False
fresh102_16_base,fresh102_16,m128_base,128,2048,False,CHEAP_RESIDUAL_COVERAGE_ONLY,1,0,349,,,,
fresh102_16_base,fresh102_16,m128_base,128,2048,False,EXPAND4_s100001,1,0,313,True,True,True,False
fresh102_16_base,fresh102_16,m128_base,128,2048,False,EXPAND4_s100002,1,0,310,True,True,True,False
fresh102_16_surface,fresh102_16,m128_surface,128,2048,True,CHEAP_RESIDUAL_COVERAGE_ONLY,1,0,349,,,,
fresh102_16_surface,fresh102_16,m128_surface,128,2048,True,EXPAND4_s100001,1,0,313,True,True,True,False
fresh102_16_surface,fresh102_16,m128_surface,128,2048,True,EXPAND4_s100002,1,0,310,True,True,True,False
fresh102_17_base,fresh102_17,m128_base,128,2048,False,CHEAP_RESIDUAL_COVERAGE_ONLY,2,0,371,,,,
fresh102_17_base,fresh102_17,m128_base,128,2048,False,EXPAND4_s100001,0,0,173,False,True,True,False
fresh102_17_base,fresh102_17,m128_base,128,2048,False,EXPAND4_s100002,0,0,176,False,True,True,False
fresh102_17_surface,fresh102_17,m128_surface,128,2048,True,CHEAP_RESIDUAL_COVERAGE_ONLY,2,0,371,,,,
fresh102_17_surface,fresh102_17,m128_surface,128,2048,True,EXPAND4_s100001,0,0,173,False,True,True,False
fresh102_17_surface,fresh102_17,m128_surface,128,2048,True,EXPAND4_s100002,0,0,176,False,True,True,False
fresh102_18_base,fresh102_18,m128_base,128,2048,False,CHEAP_RESIDUAL_COVERAGE_ONLY,1,0,289,,,,
fresh102_18_base,fresh102_18,m128_base,128,2048,False,EXPAND4_s100001,1,0,283,True,True,True,False
fresh102_18_base,fresh102_18,m128_base,128,2048,False,EXPAND4_s100002,1,0,282,True,True,True,False
fresh102_18_surface,fresh102_18,m128_surface,128,2048,True,CHEAP_RESIDUAL_COVERAGE_ONLY,1,0,289,,,,
fresh102_18_surface,fresh102_18,m128_surface,128,2048,True,EXPAND4_s100001,1,0,283,True,True,True,False
fresh102_18_surface,fresh102_18,m128_surface,128,2048,True,EXPAND4_s100002,1,0,282,True,True,True,False
fresh102_19_base,fresh102_19,m128_base,128,2048,False,CHEAP_RESIDUAL_COVERAGE_ONLY,2,0,303,,,,
fresh102_19_base,fresh102_19,m128_base,128,2048,False,EXPAND4_s100001,0,0,150,False,True,True,False
fresh102_19_base,fresh102_19,m128_base,128,2048,False,EXPAND4_s100002,0,0,152,False,True,True,False
fresh102_19_surface,fresh102_19,m128_surface,128,2048,True,CHEAP_RESIDUAL_COVERAGE_ONLY,2,0,303,,,,
fresh102_19_surface,fresh102_19,m128_surface,128,2048,True,EXPAND4_s100001,0,0,150,False,True,True,False
fresh102_19_surface,fresh102_19,m128_surface,128,2048,True,EXPAND4_s100002,0,0,152,False,True,True,False
fresh102_20_base,fresh102_20,m128_base,128,2048,False,CHEAP_RESIDUAL_COVERAGE_ONLY,1,0,266,,,,
fresh102_20_base,fresh102_20,m128_base,128,2048,False,EXPAND4_s100001,0,0,240,False,True,True,False
fresh102_20_base,fresh102_20,m128_base,128,2048,False,EXPAND4_s100002,0,0,241,False,True,True,False
fresh102_20_surface,fresh102_20,m128_surface,128,2048,True,CHEAP_RESIDUAL_COVERAGE_ONLY,1,0,266,,,,
fresh102_20_surface,fresh102_20,m128_surface,128,2048,True,EXPAND4_s100001,0,0,240,False,True,True,False
fresh102_20_surface,fresh102_20,m128_surface,128,2048,True,EXPAND4_s100002,0,0,241,False,True,True,False
fresh102_21_base,fresh102_21,m128_base,128,2048,False,CHEAP_RESIDUAL_COVERAGE_ONLY,1,0,269,,,,
fresh102_21_base,fresh102_21,m128_base,128,2048,False,EXPAND4_s100001,0,0,176,False,True,True,False
fresh102_21_base,fresh102_21,m128_base,128,2048,False,EXPAND4_s100002,0,0,178,False,True,True,False
fresh102_21_surface,fresh102_21,m128_surface,128,2048,True,CHEAP_RESIDUAL_COVERAGE_ONLY,1,0,269,,,,
fresh102_21_surface,fresh102_21,m128_surface,128,2048,True,EXPAND4_s100001,0,0,176,False,True,True,False
fresh102_21_surface,fresh102_21,m128_surface,128,2048,True,EXPAND4_s100002,0,0,178,False,True,True,False
fresh102_22_base,fresh102_22,m128_base,128,2048,False,CHEAP_RESIDUAL_COVERAGE_ONLY,1,0,380,,,,
fresh102_22_base,fresh102_22,m128_base,128,2048,False,EXPAND4_s100001,1,0,310,True,True,True,False
fresh102_22_base,fresh102_22,m128_base,128,2048,False,EXPAND4_s100002,1,0,309,True,True,True,False
fresh102_22_surface,fresh102_22,m128_surface,128,2048,True,CHEAP_RESIDUAL_COVERAGE_ONLY,1,0,380,,,,
fresh102_22_surface,fresh102_22,m128_surface,128,2048,True,EXPAND4_s100001,1,0,310,True,True,True,False
fresh102_22_surface,fresh102_22,m128_surface,128,2048,True,EXPAND4_s100002,1,0,309,True,True,True,False
fresh102_23_base,fresh102_23,m128_base,128,2048,False,CHEAP_RESIDUAL_COVERAGE_ONLY,2,0,277,,,,
fresh102_23_base,fresh102_23,m128_base,128,2048,False,EXPAND4_s100001,0,0,178,False,True,True,False
fresh102_23_base,fresh102_23,m128_base,128,2048,False,EXPAND4_s100002,0,0,178,False,True,True,False
fresh102_23_surface,fresh102_23,m128_surface,128,2048,True,CHEAP_RESIDUAL_COVERAGE_ONLY,2,0,277,,,,
fresh102_23_surface,fresh102_23,m128_surface,128,2048,True,EXPAND4_s100001,0,0,178,False,True,True,False
fresh102_23_surface,fresh102_23,m128_surface,128,2048,True,EXPAND4_s100002,0,0,178,False,True,True,False
